-- MySQL dump 10.16  Distrib 10.1.36-MariaDB, for Win32 (AMD64)
--
-- Host: localhost    Database: dev_sudin
-- ------------------------------------------------------
-- Server version	10.1.36-MariaDB

/*!40101 SET @OLD_CHARACTER_SET_CLIENT=@@CHARACTER_SET_CLIENT */;
/*!40101 SET @OLD_CHARACTER_SET_RESULTS=@@CHARACTER_SET_RESULTS */;
/*!40101 SET @OLD_COLLATION_CONNECTION=@@COLLATION_CONNECTION */;
/*!40101 SET NAMES utf8 */;
/*!40103 SET @OLD_TIME_ZONE=@@TIME_ZONE */;
/*!40103 SET TIME_ZONE='+00:00' */;
/*!40014 SET @OLD_UNIQUE_CHECKS=@@UNIQUE_CHECKS, UNIQUE_CHECKS=0 */;
/*!40014 SET @OLD_FOREIGN_KEY_CHECKS=@@FOREIGN_KEY_CHECKS, FOREIGN_KEY_CHECKS=0 */;
/*!40101 SET @OLD_SQL_MODE=@@SQL_MODE, SQL_MODE='NO_AUTO_VALUE_ON_ZERO' */;
/*!40111 SET @OLD_SQL_NOTES=@@SQL_NOTES, SQL_NOTES=0 */;

--
-- Table structure for table `aauth_group_to_group`
--

DROP TABLE IF EXISTS `aauth_group_to_group`;
/*!40101 SET @saved_cs_client     = @@character_set_client */;
/*!40101 SET character_set_client = utf8 */;
CREATE TABLE `aauth_group_to_group` (
  `group_id` int(11) unsigned NOT NULL,
  `subgroup_id` int(11) unsigned NOT NULL,
  PRIMARY KEY (`group_id`,`subgroup_id`)
) ENGINE=InnoDB DEFAULT CHARSET=utf8;
/*!40101 SET character_set_client = @saved_cs_client */;

--
-- Dumping data for table `aauth_group_to_group`
--

LOCK TABLES `aauth_group_to_group` WRITE;
/*!40000 ALTER TABLE `aauth_group_to_group` DISABLE KEYS */;
/*!40000 ALTER TABLE `aauth_group_to_group` ENABLE KEYS */;
UNLOCK TABLES;

--
-- Table structure for table `aauth_groups`
--

DROP TABLE IF EXISTS `aauth_groups`;
/*!40101 SET @saved_cs_client     = @@character_set_client */;
/*!40101 SET character_set_client = utf8 */;
CREATE TABLE `aauth_groups` (
  `id` int(11) unsigned NOT NULL AUTO_INCREMENT,
  `name` varchar(100) DEFAULT NULL,
  `definition` text,
  PRIMARY KEY (`id`)
) ENGINE=InnoDB AUTO_INCREMENT=4 DEFAULT CHARSET=utf8;
/*!40101 SET character_set_client = @saved_cs_client */;

--
-- Dumping data for table `aauth_groups`
--

LOCK TABLES `aauth_groups` WRITE;
/*!40000 ALTER TABLE `aauth_groups` DISABLE KEYS */;
INSERT INTO `aauth_groups` VALUES (1,'Super Admin','Super Admin Group'),(2,'Developer','Developer'),(3,'Admin User','Admin User');
/*!40000 ALTER TABLE `aauth_groups` ENABLE KEYS */;
UNLOCK TABLES;

--
-- Table structure for table `aauth_login_attempts`
--

DROP TABLE IF EXISTS `aauth_login_attempts`;
/*!40101 SET @saved_cs_client     = @@character_set_client */;
/*!40101 SET character_set_client = utf8 */;
CREATE TABLE `aauth_login_attempts` (
  `id` int(11) NOT NULL AUTO_INCREMENT,
  `ip_address` varchar(39) DEFAULT '0',
  `timestamp` datetime DEFAULT NULL,
  `login_attempts` tinyint(2) DEFAULT '0',
  PRIMARY KEY (`id`)
) ENGINE=InnoDB AUTO_INCREMENT=2 DEFAULT CHARSET=latin1;
/*!40101 SET character_set_client = @saved_cs_client */;

--
-- Dumping data for table `aauth_login_attempts`
--

LOCK TABLES `aauth_login_attempts` WRITE;
/*!40000 ALTER TABLE `aauth_login_attempts` DISABLE KEYS */;
/*!40000 ALTER TABLE `aauth_login_attempts` ENABLE KEYS */;
UNLOCK TABLES;

--
-- Table structure for table `aauth_perm_to_group`
--

DROP TABLE IF EXISTS `aauth_perm_to_group`;
/*!40101 SET @saved_cs_client     = @@character_set_client */;
/*!40101 SET character_set_client = utf8 */;
CREATE TABLE `aauth_perm_to_group` (
  `perm_id` int(11) unsigned NOT NULL,
  `group_id` int(11) unsigned NOT NULL,
  PRIMARY KEY (`perm_id`,`group_id`)
) ENGINE=InnoDB DEFAULT CHARSET=utf8;
/*!40101 SET character_set_client = @saved_cs_client */;

--
-- Dumping data for table `aauth_perm_to_group`
--

LOCK TABLES `aauth_perm_to_group` WRITE;
/*!40000 ALTER TABLE `aauth_perm_to_group` DISABLE KEYS */;
INSERT INTO `aauth_perm_to_group` VALUES (1,1),(1,2),(1,3),(2,1),(2,2),(2,3),(3,2),(3,3),(4,1),(4,2),(4,3),(5,1),(5,2),(5,3),(6,1),(6,2),(6,3),(7,1),(7,2),(7,3),(8,1),(8,2),(8,3),(9,1),(9,2),(9,4),(10,2),(11,1),(11,2),(12,1),(13,1);
/*!40000 ALTER TABLE `aauth_perm_to_group` ENABLE KEYS */;
UNLOCK TABLES;

--
-- Table structure for table `aauth_perm_to_user`
--

DROP TABLE IF EXISTS `aauth_perm_to_user`;
/*!40101 SET @saved_cs_client     = @@character_set_client */;
/*!40101 SET character_set_client = utf8 */;
CREATE TABLE `aauth_perm_to_user` (
  `perm_id` int(11) unsigned NOT NULL,
  `user_id` int(11) unsigned NOT NULL,
  PRIMARY KEY (`perm_id`,`user_id`)
) ENGINE=InnoDB DEFAULT CHARSET=utf8;
/*!40101 SET character_set_client = @saved_cs_client */;

--
-- Dumping data for table `aauth_perm_to_user`
--

LOCK TABLES `aauth_perm_to_user` WRITE;
/*!40000 ALTER TABLE `aauth_perm_to_user` DISABLE KEYS */;
/*!40000 ALTER TABLE `aauth_perm_to_user` ENABLE KEYS */;
UNLOCK TABLES;

--
-- Table structure for table `aauth_perms`
--

DROP TABLE IF EXISTS `aauth_perms`;
/*!40101 SET @saved_cs_client     = @@character_set_client */;
/*!40101 SET character_set_client = utf8 */;
CREATE TABLE `aauth_perms` (
  `id` int(11) unsigned NOT NULL AUTO_INCREMENT,
  `name` varchar(100) DEFAULT NULL,
  `definition` text,
  `parent_id` int(11) DEFAULT NULL,
  `url` varchar(500) DEFAULT NULL,
  `icon` varchar(100) DEFAULT 'fa fa-circle-o',
  PRIMARY KEY (`id`)
) ENGINE=InnoDB AUTO_INCREMENT=14 DEFAULT CHARSET=utf8;
/*!40101 SET character_set_client = @saved_cs_client */;

--
-- Dumping data for table `aauth_perms`
--

LOCK TABLES `aauth_perms` WRITE;
/*!40000 ALTER TABLE `aauth_perms` DISABLE KEYS */;
INSERT INTO `aauth_perms` VALUES (1,'administration_view','Dashboard',0,'administration/dashboard','fa fa-dashboard'),(2,'master_data_menu','Master Data',0,'#','fa fa-database'),(4,'config','Konfigurasi',0,'#','fa fa-gears'),(5,'config_group_page','Konfigurasi Group',4,'administration/config_group','fa fa-circle-o'),(6,'config_menus_page','Konfigurasi Menu',4,'administration/config_menu','fa fa-circle-o'),(7,'artikel_view','Artikel',0,'#','fa fa-file-text-o'),(8,'artikel_baru_page','Artikel Baru',7,'administration/artikel_baru','fa fa-circle-o'),(9,'fasyankes_page','Fasyankes',0,'#','fa fa-table'),(11,'masterdata_users','Pengguna',2,'administration/masterdata_pengguna','fa fa-circle-o'),(12,'sarana_profil_page','Profil Sarana',0,'administration/profil_sarana','fa fa-archive'),(13,'fasyankes_list_page','Daftar Fasyankes',9,'administration/fasyankes_list','fa fa-circle-o');
/*!40000 ALTER TABLE `aauth_perms` ENABLE KEYS */;
UNLOCK TABLES;

--
-- Table structure for table `aauth_pms`
--

DROP TABLE IF EXISTS `aauth_pms`;
/*!40101 SET @saved_cs_client     = @@character_set_client */;
/*!40101 SET character_set_client = utf8 */;
CREATE TABLE `aauth_pms` (
  `id` int(11) unsigned NOT NULL AUTO_INCREMENT,
  `sender_id` int(11) unsigned NOT NULL,
  `receiver_id` int(11) unsigned NOT NULL,
  `title` varchar(255) NOT NULL,
  `message` text,
  `date_sent` datetime DEFAULT NULL,
  `date_read` datetime DEFAULT NULL,
  `pm_deleted_sender` int(1) DEFAULT '0',
  `pm_deleted_receiver` int(1) DEFAULT '0',
  PRIMARY KEY (`id`),
  KEY `full_index` (`id`,`sender_id`,`receiver_id`,`date_read`)
) ENGINE=InnoDB DEFAULT CHARSET=utf8;
/*!40101 SET character_set_client = @saved_cs_client */;

--
-- Dumping data for table `aauth_pms`
--

LOCK TABLES `aauth_pms` WRITE;
/*!40000 ALTER TABLE `aauth_pms` DISABLE KEYS */;
/*!40000 ALTER TABLE `aauth_pms` ENABLE KEYS */;
UNLOCK TABLES;

--
-- Table structure for table `aauth_user_to_group`
--

DROP TABLE IF EXISTS `aauth_user_to_group`;
/*!40101 SET @saved_cs_client     = @@character_set_client */;
/*!40101 SET character_set_client = utf8 */;
CREATE TABLE `aauth_user_to_group` (
  `user_id` int(11) unsigned NOT NULL,
  `group_id` int(11) unsigned NOT NULL,
  PRIMARY KEY (`user_id`,`group_id`)
) ENGINE=InnoDB DEFAULT CHARSET=utf8;
/*!40101 SET character_set_client = @saved_cs_client */;

--
-- Dumping data for table `aauth_user_to_group`
--

LOCK TABLES `aauth_user_to_group` WRITE;
/*!40000 ALTER TABLE `aauth_user_to_group` DISABLE KEYS */;
INSERT INTO `aauth_user_to_group` VALUES (367,1),(372,1),(373,3);
/*!40000 ALTER TABLE `aauth_user_to_group` ENABLE KEYS */;
UNLOCK TABLES;

--
-- Table structure for table `aauth_user_variables`
--

DROP TABLE IF EXISTS `aauth_user_variables`;
/*!40101 SET @saved_cs_client     = @@character_set_client */;
/*!40101 SET character_set_client = utf8 */;
CREATE TABLE `aauth_user_variables` (
  `id` int(11) unsigned NOT NULL AUTO_INCREMENT,
  `user_id` int(11) unsigned NOT NULL,
  `data_key` varchar(100) NOT NULL,
  `value` text,
  PRIMARY KEY (`id`),
  KEY `user_id_index` (`user_id`)
) ENGINE=InnoDB DEFAULT CHARSET=utf8;
/*!40101 SET character_set_client = @saved_cs_client */;

--
-- Dumping data for table `aauth_user_variables`
--

LOCK TABLES `aauth_user_variables` WRITE;
/*!40000 ALTER TABLE `aauth_user_variables` DISABLE KEYS */;
/*!40000 ALTER TABLE `aauth_user_variables` ENABLE KEYS */;
UNLOCK TABLES;

--
-- Table structure for table `aauth_users`
--

DROP TABLE IF EXISTS `aauth_users`;
/*!40101 SET @saved_cs_client     = @@character_set_client */;
/*!40101 SET character_set_client = utf8 */;
CREATE TABLE `aauth_users` (
  `id` int(11) unsigned NOT NULL AUTO_INCREMENT,
  `email` varchar(100) NOT NULL,
  `pass` varchar(64) NOT NULL,
  `username` varchar(100) DEFAULT NULL,
  `banned` tinyint(1) DEFAULT '0',
  `last_login` datetime DEFAULT NULL,
  `last_activity` datetime DEFAULT NULL,
  `date_created` datetime DEFAULT NULL,
  `forgot_exp` text,
  `remember_time` datetime DEFAULT NULL,
  `remember_exp` text,
  `verification_code` text,
  `totp_secret` varchar(16) DEFAULT NULL,
  `ip_address` text,
  `id_sarana` int(11) DEFAULT NULL,
  `nama_lengkap` varchar(250) DEFAULT NULL,
  `is_upd_username` int(11) DEFAULT '0',
  PRIMARY KEY (`id`)
) ENGINE=InnoDB AUTO_INCREMENT=374 DEFAULT CHARSET=utf8;
/*!40101 SET character_set_client = @saved_cs_client */;

--
-- Dumping data for table `aauth_users`
--

LOCK TABLES `aauth_users` WRITE;
/*!40000 ALTER TABLE `aauth_users` DISABLE KEYS */;
INSERT INTO `aauth_users` VALUES (367,'taofikanwar@gmail.com','78ef30eb68ef11338b7997fc097d8d92ddc8998776981dd4f3dd74eb86563661','taofikanwar',0,'2020-01-07 07:45:58','2020-01-07 13:20:41','2016-02-11 23:43:07',NULL,NULL,NULL,NULL,NULL,'::1',1,'Taofik Anwar',1),(372,'admin@mail.com','5832b0eb51ebc1498016591f5d5197cc48a6c4b4e648760e4a0129e3a840084d','adminsudin',0,'2019-12-28 07:10:13','2019-12-28 07:10:13','2019-12-28 07:09:40',NULL,NULL,NULL,NULL,NULL,'::1',1,'Administrator',0),(373,'adminusers@mail.com','205855e5e025498c258da46fc97700387d46e1c07771a9a9d5f7126061df5272','adminusers',0,'2019-12-30 11:44:41','2019-12-30 11:44:50','2019-12-30 11:39:48',NULL,NULL,NULL,NULL,NULL,'::1',3,'adminusers',0);
/*!40000 ALTER TABLE `aauth_users` ENABLE KEYS */;
UNLOCK TABLES;

--
-- Table structure for table `aauth_userslog`
--

DROP TABLE IF EXISTS `aauth_userslog`;
/*!40101 SET @saved_cs_client     = @@character_set_client */;
/*!40101 SET character_set_client = utf8 */;
CREATE TABLE `aauth_userslog` (
  `log_id` int(11) NOT NULL AUTO_INCREMENT,
  `user_id` int(11) DEFAULT NULL,
  `perms` varchar(200) DEFAULT NULL,
  `dateactivity` timestamp NULL DEFAULT CURRENT_TIMESTAMP,
  `page` varchar(500) NOT NULL,
  `comments` text NOT NULL,
  `ipaddr` varchar(100) NOT NULL,
  PRIMARY KEY (`log_id`)
) ENGINE=InnoDB AUTO_INCREMENT=653 DEFAULT CHARSET=utf8mb4;
/*!40101 SET character_set_client = @saved_cs_client */;

--
-- Dumping data for table `aauth_userslog`
--

LOCK TABLES `aauth_userslog` WRITE;
/*!40000 ALTER TABLE `aauth_userslog` DISABLE KEYS */;
INSERT INTO `aauth_userslog` VALUES (1,367,'member_login','2019-12-19 15:27:26','http://localhost/dev/sudin/auth/login/do_login','Login Success with username : taofikanwar','::1'),(2,367,'member_login','2019-12-19 15:28:33','http://localhost/dev/sudin/auth/login/do_login','Login Success with username : taofikanwar','::1'),(3,367,'administration_view','2019-12-19 15:29:05','http://localhost/dev/sudin/administration/index','Administration','::1'),(4,367,'administration_view','2019-12-19 15:29:28','http://localhost/dev/sudin/administration/index','Administration','::1'),(5,367,'administration_view','2019-12-19 15:30:53','http://localhost/dev/sudin/administration/dashboard','Administration','::1'),(6,367,'administration_view','2019-12-19 15:31:00','http://localhost/dev/sudin/administration/dashboard','Administration','::1'),(7,367,'administration_view','2019-12-19 15:31:44','http://localhost/dev/sudin/administration/dashboard','Administration','::1'),(8,367,'administration_view','2019-12-19 15:32:26','http://localhost/dev/sudin/administration/dashboard','Administration','::1'),(9,367,'member_login','2019-12-23 00:45:33','http://localhost/dev/sudin/auth/login/do_login','Login Success with username : taofikanwar','::1'),(10,367,'administration_view','2019-12-23 00:52:22','http://localhost/dev/sudin/administration/dashboard','Administration','::1'),(11,367,'administration_view','2019-12-23 00:53:24','http://localhost/dev/sudin/administration/dashboard','Administration','::1'),(12,367,'administration_view','2019-12-23 00:58:21','http://localhost/dev/sudin/administration/dashboard','Administration','::1'),(13,367,'administration_view','2019-12-23 00:58:26','http://localhost/dev/sudin/administration/dashboard','Administration','::1'),(14,367,'administration_view','2019-12-23 01:02:31','http://localhost/dev/sudin/administration/dashboard','Administration','::1'),(15,367,'administration_view','2019-12-23 01:02:35','http://localhost/dev/sudin/administration/dashboard','Administration','::1'),(16,367,'administration_view','2019-12-23 01:03:28','http://localhost/dev/sudin/administration/dashboard','Administration','::1'),(17,367,'administration_view','2019-12-23 01:03:57','http://localhost/dev/sudin/administration/dashboard','Administration','::1'),(18,367,'administration_view','2019-12-23 01:04:21','http://localhost/dev/sudin/administration/dashboard','Administration','::1'),(19,367,'administration_view','2019-12-23 01:04:31','http://localhost/dev/sudin/administration/dashboard','Administration','::1'),(20,367,'administration_view','2019-12-23 01:04:45','http://localhost/dev/sudin/administration/dashboard','Administration','::1'),(21,367,'administration_view','2019-12-23 01:04:55','http://localhost/dev/sudin/administration/dashboard','Administration','::1'),(22,367,'administration_view','2019-12-23 01:05:07','http://localhost/dev/sudin/administration/dashboard','Administration','::1'),(23,367,'administration_view','2019-12-23 01:05:55','http://localhost/dev/sudin/administration/dashboard','Administration','::1'),(24,367,'administration_view','2019-12-23 01:06:29','http://localhost/dev/sudin/administration/dashboard','Administration','::1'),(25,367,'administration_view','2019-12-23 01:06:37','http://localhost/dev/sudin/administration/dashboard','Administration','::1'),(26,367,'administration_view','2019-12-23 01:07:13','http://localhost/dev/sudin/administration/dashboard','Administration','::1'),(27,367,'administration_view','2019-12-23 01:07:29','http://localhost/dev/sudin/administration/dashboard','Administration','::1'),(28,367,'administration_view','2019-12-23 01:08:58','http://localhost/dev/sudin/administration/dashboard','Administration','::1'),(29,367,'administration_view','2019-12-23 01:09:06','http://localhost/dev/sudin/administration/dashboard','Administration','::1'),(30,367,'administration_view','2019-12-23 01:09:19','http://localhost/dev/sudin/administration/dashboard','Administration','::1'),(31,367,'administration_view','2019-12-23 01:09:33','http://localhost/dev/sudin/administration/dashboard','Administration','::1'),(32,367,'administration_view','2019-12-23 01:09:42','http://localhost/dev/sudin/administration/dashboard','Administration','::1'),(33,367,'administration_view','2019-12-23 01:09:48','http://localhost/dev/sudin/administration/dashboard','Administration','::1'),(34,367,'administration_view','2019-12-23 01:10:08','http://localhost/dev/sudin/administration/dashboard','Administration','::1'),(35,367,'administration_view','2019-12-23 01:12:33','http://localhost/dev/sudin/administration/dashboard','Administration','::1'),(36,367,'administration_view','2019-12-23 01:13:10','http://localhost/dev/sudin/administration/dashboard','Administration','::1'),(37,367,'administration_view','2019-12-23 01:15:21','http://localhost/dev/sudin/administration/dashboard','Administration','::1'),(38,367,'administration_view','2019-12-23 01:16:34','http://localhost/dev/sudin/administration/dashboard','Administration','::1'),(39,367,'administration_view','2019-12-23 01:20:20','http://localhost/dev/sudin/administration/dashboard','Administration','::1'),(40,367,'administration_view','2019-12-23 01:20:22','http://localhost/dev/sudin/administration/dashboard','Administration','::1'),(41,367,'administration_view','2019-12-23 01:20:28','http://localhost/dev/sudin/administration/dashboard','Administration','::1'),(42,367,'administration_view','2019-12-23 01:21:28','http://localhost/dev/sudin/administration/dashboard','Administration','::1'),(43,367,'administration_view','2019-12-23 01:22:47','http://localhost/dev/sudin/administration/dashboard','Administration','::1'),(44,367,'administration_view','2019-12-23 01:22:52','http://localhost/dev/sudin/administration/dashboard','Administration','::1'),(45,367,'administration_view','2019-12-23 01:35:31','http://localhost/dev/sudin/administration/dashboard','Administration','::1'),(46,367,'administration_view','2019-12-23 01:35:38','http://localhost/dev/sudin/administration/dashboard','Administration','::1'),(47,367,'administration_view','2019-12-23 01:37:12','http://localhost/dev/sudin/administration/dashboard','Administration','::1'),(48,367,'administration_view','2019-12-23 01:37:16','http://localhost/dev/sudin/administration/dashboard','Administration','::1'),(49,367,'administration_view','2019-12-23 01:37:39','http://localhost/dev/sudin/administration/dashboard','Administration','::1'),(50,367,'administration_view','2019-12-23 01:39:18','http://localhost/dev/sudin/administration/dashboard','Administration','::1'),(51,367,'administration_view','2019-12-23 01:39:22','http://localhost/dev/sudin/administration/dashboard','Administration','::1'),(52,367,'administration_view','2019-12-23 01:49:22','http://localhost/dev/sudin/administration/dashboard','Administration','::1'),(53,367,'administration_view','2019-12-23 01:50:22','http://localhost/dev/sudin/administration/dashboard','Administration','::1'),(54,367,'administration_view','2019-12-23 01:50:36','http://localhost/dev/sudin/administration/dashboard','Administration','::1'),(55,367,'Config_group_page','2019-12-23 01:50:41','http://localhost/dev/sudin/administration/config_group','Group Management','::1'),(56,367,'Config_group_page','2019-12-23 01:52:04','http://localhost/dev/sudin/administration/config_group','Group Management','::1'),(57,367,'Config_group_page','2019-12-23 01:53:14','http://localhost/dev/sudin/administration/config_group','Group Management','::1'),(58,367,'Config_group_page','2019-12-23 01:53:15','http://localhost/dev/sudin/administration/config_group','Group Management','::1'),(59,367,'Config_group_page','2019-12-23 01:53:16','http://localhost/dev/sudin/administration/config_group','Group Management','::1'),(60,367,'Config_group_page','2019-12-23 01:53:16','http://localhost/dev/sudin/administration/config_group','Group Management','::1'),(61,367,'Config_group_page','2019-12-23 01:53:55','http://localhost/dev/sudin/administration/config_group','Group Management','::1'),(62,367,'Config_group_page','2019-12-23 01:53:56','http://localhost/dev/sudin/administration/config_group','Group Management','::1'),(63,367,'Config_group_page','2019-12-23 01:53:56','http://localhost/dev/sudin/administration/config_group','Group Management','::1'),(64,367,'Config_group_page','2019-12-23 01:53:56','http://localhost/dev/sudin/administration/config_group','Group Management','::1'),(65,367,'Config_group_page','2019-12-23 01:53:57','http://localhost/dev/sudin/administration/config_group','Group Management','::1'),(66,367,'Config_group_page','2019-12-23 01:53:57','http://localhost/dev/sudin/administration/config_group','Group Management','::1'),(67,367,'Config_group_page','2019-12-23 02:09:15','http://localhost/dev/sudin/administration/config_group','Group Management','::1'),(68,367,'Config_group_page','2019-12-23 02:09:29','http://localhost/dev/sudin/administration/config_group','Group Management','::1'),(69,367,'Config_group_page','2019-12-23 02:09:30','http://localhost/dev/sudin/administration/config_group','Group Management','::1'),(70,367,'Config_group_page','2019-12-23 02:09:30','http://localhost/dev/sudin/administration/config_group','Group Management','::1'),(71,367,'Config_group_page','2019-12-23 02:09:31','http://localhost/dev/sudin/administration/config_group','Group Management','::1'),(72,367,'Config_group_page','2019-12-23 02:09:31','http://localhost/dev/sudin/administration/config_group','Group Management','::1'),(73,367,'Config_group_page','2019-12-23 02:09:32','http://localhost/dev/sudin/administration/config_group','Group Management','::1'),(74,367,'Config_group_page','2019-12-23 02:09:32','http://localhost/dev/sudin/administration/config_group','Group Management','::1'),(75,367,'Config_group_page','2019-12-23 02:09:32','http://localhost/dev/sudin/administration/config_group','Group Management','::1'),(76,367,'Config_group_page','2019-12-23 02:09:32','http://localhost/dev/sudin/administration/config_group','Group Management','::1'),(77,367,'Config_group_page','2019-12-23 02:11:31','http://localhost/dev/sudin/administration/config_group','Group Management','::1'),(78,367,'Config_group_page','2019-12-23 02:11:31','http://localhost/dev/sudin/administration/config_group','Group Management','::1'),(79,367,'Config_group_page','2019-12-23 02:11:32','http://localhost/dev/sudin/administration/config_group','Group Management','::1'),(80,367,'Config_group_page','2019-12-23 02:11:32','http://localhost/dev/sudin/administration/config_group','Group Management','::1'),(81,367,'Config_group_page','2019-12-23 02:11:32','http://localhost/dev/sudin/administration/config_group','Group Management','::1'),(82,367,'Config_group_page','2019-12-23 02:11:32','http://localhost/dev/sudin/administration/config_group','Group Management','::1'),(83,367,'administration_view','2019-12-23 02:12:34','http://localhost/dev/sudin/administration/dashboard','Administration','::1'),(84,367,'Config_group_page','2019-12-23 02:13:55','http://localhost/dev/sudin/administration/config_group','Group Management','::1'),(85,367,'Config_group_page','2019-12-23 02:14:27','http://localhost/dev/sudin/administration/config_group','Group Management','::1'),(86,367,'Config_group_page','2019-12-23 02:15:32','http://localhost/dev/sudin/administration/config_group','Group Management','::1'),(87,367,'Config_group_page','2019-12-23 02:15:59','http://localhost/dev/sudin/administration/config_group','Group Management','::1'),(88,367,'Config_group_page','2019-12-23 02:17:14','http://localhost/dev/sudin/administration/config_group','Group Management','::1'),(89,367,'Config_group_page','2019-12-23 02:17:19','http://localhost/dev/sudin/administration/config_group','Group Management','::1'),(90,367,'Config_group_page','2019-12-23 02:27:20','http://localhost/dev/sudin/administration/config_group','Group Management','::1'),(91,367,'Config_group_page','2019-12-23 02:32:48','http://localhost/dev/sudin/administration/config_group','Group Management','::1'),(92,367,'Config_group_page','2019-12-23 02:32:52','http://localhost/dev/sudin/administration/config_group','Group Management','::1'),(93,367,'Config_group_page','2019-12-23 02:34:28','http://localhost/dev/sudin/administration/config_group','Group Management','::1'),(94,367,'Config_group_page','2019-12-23 02:36:07','http://localhost/dev/sudin/administration/config_group','Group Management','::1'),(95,367,'Config_group_page','2019-12-23 02:36:37','http://localhost/dev/sudin/administration/config_group','Group Management','::1'),(96,367,'Config_group_page','2019-12-23 02:36:49','http://localhost/dev/sudin/administration/config_group','Group Management','::1'),(97,367,'Config_group_page','2019-12-23 02:39:01','http://localhost/dev/sudin/administration/config_group','Group Management','::1'),(98,367,'Config_group_page','2019-12-23 02:41:20','http://localhost/dev/sudin/administration/config_group','Group Management','::1'),(99,367,'Config_group_page','2019-12-23 02:42:53','http://localhost/dev/sudin/administration/config_group/do_update_group','Success to update group with group_id = \'3\'.','::1'),(100,367,'Config_group_page','2019-12-23 02:43:06','http://localhost/dev/sudin/administration/config_group/do_update_group','Success to update group with group_id = \'3\'.','::1'),(101,367,'Config_group_page','2019-12-23 02:44:34','http://localhost/dev/sudin/administration/config_group','Group Management','::1'),(102,367,'Config_group_page','2019-12-23 02:45:24','http://localhost/dev/sudin/administration/config_group/do_update_group','Success to update group with group_id = \'2\'.','::1'),(103,367,'Config_group_page','2019-12-23 02:45:30','http://localhost/dev/sudin/administration/config_group/do_update_group','Success to update group with group_id = \'1\'.','::1'),(104,367,'Config_group_page','2019-12-23 02:45:39','http://localhost/dev/sudin/administration/config_group/do_update_group','Success to update group with group_id = \'3\'.','::1'),(105,367,'Config_group_page','2019-12-23 02:45:42','http://localhost/dev/sudin/administration/config_group','Group Management','::1'),(106,367,'Config_group_page','2019-12-23 02:45:47','http://localhost/dev/sudin/administration/config_group','Group Management','::1'),(107,367,'Config_group_page','2019-12-23 02:56:30','http://localhost/dev/sudin/administration/config_group','Group Management','::1'),(108,367,'Config_group_page','2019-12-23 02:57:24','http://localhost/dev/sudin/administration/config_group','Group Management','::1'),(109,367,'Config_group_page','2019-12-23 02:57:53','http://localhost/dev/sudin/administration/config_group','Group Management','::1'),(110,367,'Config_group_page','2019-12-23 02:57:57','http://localhost/dev/sudin/administration/config_group','Group Management','::1'),(111,367,'config_menus_page','2019-12-23 02:58:06','http://localhost/dev/sudin/administration/config_menu','Konfigurasi Menu','::1'),(112,367,'Config_group_page','2019-12-23 02:58:08','http://localhost/dev/sudin/administration/config_group','Group Management','::1'),(113,367,'Config_group_page','2019-12-23 02:58:41','http://localhost/dev/sudin/administration/config_group','Group Management','::1'),(114,367,'config_menus_page','2019-12-23 02:58:44','http://localhost/dev/sudin/administration/config_menu','Konfigurasi Menu','::1'),(115,367,'config_menus_page','2019-12-23 03:00:00','http://localhost/dev/sudin/administration/config_menu','Konfigurasi Menu','::1'),(116,367,'Config_group_page','2019-12-23 03:02:44','http://localhost/dev/sudin/administration/config_group','Group Management','::1'),(117,367,'Config_group_page','2019-12-23 03:02:50','http://localhost/dev/sudin/administration/config_group/do_update_group','Success to update group with group_id = \'1\'.','::1'),(118,367,'Config_group_page','2019-12-23 03:02:56','http://localhost/dev/sudin/administration/config_group/do_update_group','Success to update group with group_id = \'2\'.','::1'),(119,367,'Config_group_page','2019-12-23 03:03:03','http://localhost/dev/sudin/administration/config_group/do_update_group','Success to update group with group_id = \'3\'.','::1'),(120,367,'Config_group_page','2019-12-23 03:03:06','http://localhost/dev/sudin/administration/config_group','Group Management','::1'),(121,367,'Config_group_page','2019-12-23 03:03:12','http://localhost/dev/sudin/administration/config_group','Group Management','::1'),(122,367,'member_login','2019-12-23 11:51:53','http://localhost/dev/sudin/auth/login/do_login','Login Success with username : taofikanwar','::1'),(123,367,'administration_view','2019-12-23 11:51:53','http://localhost/dev/sudin/administration/dashboard','Administration','::1'),(124,367,'administration_view','2019-12-23 11:51:59','http://localhost/dev/sudin/administration/dashboard','Administration','::1'),(125,367,'config_menus_page','2019-12-23 12:25:58','http://localhost/dev/sudin/administration/config_menu','Konfigurasi Menu','::1'),(126,367,'Config_group_page','2019-12-23 12:26:00','http://localhost/dev/sudin/administration/config_group','Group Management','::1'),(127,367,'Config_group_page','2019-12-23 12:26:24','http://localhost/dev/sudin/administration/config_group/do_update_group','Success to update group with group_id = \'2\'.','::1'),(128,367,'Config_group_page','2019-12-23 12:26:28','http://localhost/dev/sudin/administration/config_group','Group Management','::1'),(129,367,'config_menus_page','2019-12-23 12:26:31','http://localhost/dev/sudin/administration/config_menu','Konfigurasi Menu','::1'),(130,367,'config_menus_page','2019-12-23 12:27:10','http://localhost/dev/sudin/administration/config_menu','Konfigurasi Menu','::1'),(131,367,'config_menus_page','2019-12-23 12:27:25','http://localhost/dev/sudin/administration/config_menu','Konfigurasi Menu','::1'),(132,367,'Config_group_page','2019-12-23 12:30:35','http://localhost/dev/sudin/administration/config_group','Group Management','::1'),(133,367,'Config_group_page','2019-12-23 12:30:41','http://localhost/dev/sudin/administration/config_group/do_update_group','Success to update group with group_id = \'2\'.','::1'),(134,367,'Config_group_page','2019-12-23 12:30:45','http://localhost/dev/sudin/administration/config_group','Group Management','::1'),(135,367,'config_menus_page','2019-12-23 12:30:54','http://localhost/dev/sudin/administration/config_menu','Konfigurasi Menu','::1'),(136,367,'config_menus_page','2019-12-23 12:31:26','http://localhost/dev/sudin/administration/config_menu','Konfigurasi Menu','::1'),(137,367,'config_menus_page','2019-12-23 12:32:39','http://localhost/dev/sudin/administration/config_menu','Konfigurasi Menu','::1'),(138,367,'config_menus_page','2019-12-23 12:32:59','http://localhost/dev/sudin/administration/config_menu','Konfigurasi Menu','::1'),(139,367,'config_menus_page','2019-12-23 12:34:57','http://localhost/dev/sudin/administration/config_menu','Konfigurasi Menu','::1'),(140,367,'config_menus_page','2019-12-23 12:35:09','http://localhost/dev/sudin/administration/config_menu','Konfigurasi Menu','::1'),(141,367,'Config_group_page','2019-12-23 12:35:14','http://localhost/dev/sudin/administration/config_group','Group Management','::1'),(142,367,'Config_group_page','2019-12-23 12:35:20','http://localhost/dev/sudin/administration/config_group/do_update_group','Success to update group with group_id = \'2\'.','::1'),(143,367,'Config_group_page','2019-12-23 12:35:23','http://localhost/dev/sudin/administration/config_group','Group Management','::1'),(144,367,'Config_group_page','2019-12-23 12:35:52','http://localhost/dev/sudin/administration/config_group','Group Management','::1'),(145,367,'Config_group_page','2019-12-23 12:36:48','http://localhost/dev/sudin/administration/config_group/do_create_group','Success to Create a new group with group_id = \'4\'.','::1'),(146,367,'member_login','2019-12-23 12:52:40','http://localhost/dev/sudin/auth/login/do_login','Login Success with username : taofikanwar','::1'),(147,367,'administration_view','2019-12-23 12:52:40','http://localhost/dev/sudin/administration/dashboard','Administration','::1'),(148,367,'administration_view','2019-12-23 12:53:54','http://localhost/dev/sudin/administration/dashboard','Administration','::1'),(149,367,'administration_view','2019-12-23 12:55:14','http://localhost/dev/sudin/administration/dashboard','Administration','::1'),(150,367,'administration_view','2019-12-23 12:55:32','http://localhost/dev/sudin/administration/dashboard','Administration','::1'),(151,367,'administration_view','2019-12-23 12:57:51','http://localhost/dev/sudin/administration/dashboard','Administration','::1'),(152,367,'administration_view','2019-12-23 12:59:36','http://localhost/dev/sudin/administration/dashboard','Administration','::1'),(153,367,'member_login','2019-12-28 08:38:45','http://localhost/dev/sudinkesju/auth/login/do_login','Login Success with username : taofikanwar','::1'),(154,367,'administration_view','2019-12-28 08:38:45','http://localhost/dev/sudinkesju/administration/dashboard','Administration','::1'),(155,367,'administration_view','2019-12-28 08:40:09','http://localhost/dev/sudinkesju/administration/dashboard','Administration','::1'),(156,367,'administration_view','2019-12-28 08:40:24','http://localhost/dev/sudinkesju/administration/dashboard','Administration','::1'),(157,367,'config_menus_page','2019-12-28 08:40:36','http://localhost/dev/sudinkesju/administration/config_menu','Konfigurasi Menu','::1'),(158,367,'config_menus_page','2019-12-28 08:41:32','http://localhost/dev/sudinkesju/administration/config_menu','Konfigurasi Menu','::1'),(159,367,'config_menus_page','2019-12-28 08:42:41','http://localhost/dev/sudinkesju/administration/config_menu','Konfigurasi Menu','::1'),(160,367,'config_menus_page','2019-12-28 08:44:42','http://localhost/dev/sudinkesju/administration/config_menu','Konfigurasi Menu','::1'),(161,367,'config_menus_page','2019-12-28 08:45:59','http://localhost/dev/sudinkesju/administration/config_menu','Konfigurasi Menu','::1'),(162,367,'Config_group_page','2019-12-28 08:46:02','http://localhost/dev/sudinkesju/administration/config_group','Group Management','::1'),(163,367,'Config_group_page','2019-12-28 08:46:24','http://localhost/dev/sudinkesju/administration/config_group','Group Management','::1'),(164,367,'Config_group_page','2019-12-28 08:46:29','http://localhost/dev/sudinkesju/administration/config_group/do_update_group','Success to update group with group_id = \'1\'.','::1'),(165,367,'Config_group_page','2019-12-28 08:46:31','http://localhost/dev/sudinkesju/administration/config_group','Group Management','::1'),(166,367,'sarana_profil_page','2019-12-28 08:46:32','http://localhost/dev/sudinkesju/administration/profil_sarana','Group Management','::1'),(167,367,'Config_group_page','2019-12-28 08:46:35','http://localhost/dev/sudinkesju/administration/config_group','Group Management','::1'),(168,367,'Config_group_page','2019-12-28 08:48:30','http://localhost/dev/sudinkesju/administration/config_group','Group Management','::1'),(169,367,'config_menus_page','2019-12-28 08:48:35','http://localhost/dev/sudinkesju/administration/config_menu','Konfigurasi Menu','::1'),(170,367,'Config_group_page','2019-12-28 08:48:39','http://localhost/dev/sudinkesju/administration/config_group','Group Management','::1'),(171,367,'Config_group_page','2019-12-28 08:48:45','http://localhost/dev/sudinkesju/administration/config_group/do_update_group','Success to update group with group_id = \'1\'.','::1'),(172,367,'Config_group_page','2019-12-28 08:48:47','http://localhost/dev/sudinkesju/administration/config_group','Group Management','::1'),(173,367,'Config_group_page','2019-12-28 08:49:25','http://localhost/dev/sudinkesju/administration/config_group','Group Management','::1'),(174,367,'config_menus_page','2019-12-28 08:49:27','http://localhost/dev/sudinkesju/administration/config_menu','Konfigurasi Menu','::1'),(175,367,'masterdata_users','2019-12-28 08:49:35','http://localhost/dev/sudinkesju/administration/masterdata_pengguna','Data Pengguna','::1'),(176,367,'masterdata_users','2019-12-28 08:50:29','http://localhost/dev/sudinkesju/administration/masterdata_pengguna','Data Pengguna','::1'),(177,367,'masterdata_users','2019-12-28 08:52:04','http://localhost/dev/sudinkesju/administration/masterdata_pengguna','Data Pengguna','::1'),(178,367,'masterdata_users','2019-12-28 08:54:30','http://localhost/dev/sudinkesju/administration/masterdata_pengguna','Data Pengguna','::1'),(179,367,'masterdata_users','2019-12-28 08:55:08','http://localhost/dev/sudinkesju/administration/masterdata_pengguna','Data Pengguna','::1'),(180,367,'masterdata_users','2019-12-28 09:02:21','http://localhost/dev/sudinkesju/administration/masterdata_pengguna','Data Pengguna','::1'),(181,367,'masterdata_users','2019-12-28 09:03:28','http://localhost/dev/sudinkesju/administration/masterdata_pengguna','Data Pengguna','::1'),(182,367,'Config_group_page','2019-12-28 09:03:33','http://localhost/dev/sudinkesju/administration/config_group','Group Management','::1'),(183,367,'masterdata_users','2019-12-28 09:03:37','http://localhost/dev/sudinkesju/administration/masterdata_pengguna','Data Pengguna','::1'),(184,367,'masterdata_users','2019-12-28 09:04:21','http://localhost/dev/sudinkesju/administration/masterdata_pengguna','Data Pengguna','::1'),(185,367,'masterdata_users','2019-12-28 09:05:07','http://localhost/dev/sudinkesju/administration/masterdata_pengguna','Data Pengguna','::1'),(186,367,'masterdata_users','2019-12-28 09:05:40','http://localhost/dev/sudinkesju/administration/masterdata_pengguna','Data Pengguna','::1'),(187,367,'masterdata_users','2019-12-28 09:05:51','http://localhost/dev/sudinkesju/administration/masterdata_pengguna','Data Pengguna','::1'),(188,367,'masterdata_users','2019-12-28 09:06:09','http://localhost/dev/sudinkesju/administration/masterdata_pengguna','Data Pengguna','::1'),(189,367,'masterdata_users','2019-12-28 09:11:56','http://localhost/dev/sudinkesju/administration/masterdata_pengguna','Data Pengguna','::1'),(190,367,'masterdata_users','2019-12-28 09:15:52','http://localhost/dev/sudinkesju/administration/masterdata_pengguna','Data Pengguna','::1'),(191,367,'masterdata_users','2019-12-28 09:16:39','http://localhost/dev/sudinkesju/administration/masterdata_pengguna','Data Pengguna','::1'),(192,367,'masterdata_users','2019-12-28 09:16:46','http://localhost/dev/sudinkesju/administration/masterdata_pengguna','Data Pengguna','::1'),(193,367,'masterdata_users','2019-12-28 09:17:18','http://localhost/dev/sudinkesju/administration/masterdata_pengguna','Data Pengguna','::1'),(194,367,'masterdata_users','2019-12-28 09:17:41','http://localhost/dev/sudinkesju/administration/masterdata_pengguna','Data Pengguna','::1'),(195,367,'masterdata_users','2019-12-28 09:18:03','http://localhost/dev/sudinkesju/administration/masterdata_pengguna','Data Pengguna','::1'),(196,367,'masterdata_users','2019-12-28 09:20:25','http://localhost/dev/sudinkesju/administration/masterdata_pengguna','Data Pengguna','::1'),(197,367,'masterdata_users','2019-12-28 10:00:20','http://localhost/dev/sudinkesju/administration/masterdata_pengguna','Data Pengguna','::1'),(198,367,'masterdata_users','2019-12-28 10:00:42','http://localhost/dev/sudinkesju/administration/masterdata_pengguna','Data Pengguna','::1'),(199,367,'masterdata_users','2019-12-28 10:12:58','http://localhost/dev/sudinkesju/administration/masterdata_pengguna','Data Pengguna','::1'),(200,367,'masterdata_users','2019-12-28 10:14:54','http://localhost/dev/sudinkesju/administration/masterdata_pengguna','Data Pengguna','::1'),(201,367,'masterdata_users','2019-12-28 10:40:34','http://localhost/dev/sudinkesju/administration/masterdata_pengguna','Data Pengguna','::1'),(202,367,'masterdata_users','2019-12-28 10:47:54','http://localhost/dev/sudinkesju/administration/masterdata_pengguna','Data Pengguna','::1'),(203,367,'masterdata_users','2019-12-28 10:48:28','http://localhost/dev/sudinkesju/administration/masterdata_pengguna','Data Pengguna','::1'),(204,367,'masterdata_users','2019-12-28 10:48:40','http://localhost/dev/sudinkesju/administration/masterdata_pengguna','Data Pengguna','::1'),(205,367,'masterdata_users','2019-12-28 10:49:38','http://localhost/dev/sudinkesju/administration/masterdata_pengguna','Data Pengguna','::1'),(206,367,'masterdata_users','2019-12-28 10:50:19','http://localhost/dev/sudinkesju/administration/masterdata_pengguna','Data Pengguna','::1'),(207,367,'administration_view','2019-12-28 10:53:15','http://localhost/dev/sudinkesju/administration/dashboard','Administration','::1'),(208,367,'administration_view','2019-12-28 10:53:47','http://localhost/dev/sudinkesju/administration/dashboard','Administration','::1'),(209,367,'masterdata_users','2019-12-28 10:53:52','http://localhost/dev/sudinkesju/administration/masterdata_pengguna','Data Pengguna','::1'),(210,367,'masterdata_users','2019-12-28 10:54:36','http://localhost/dev/sudinkesju/administration/masterdata_pengguna','Data Pengguna','::1'),(211,367,'masterdata_users','2019-12-28 10:56:19','http://localhost/dev/sudinkesju/administration/masterdata_pengguna','Data Pengguna','::1'),(212,367,'masterdata_users','2019-12-28 10:58:40','http://localhost/dev/sudinkesju/administration/masterdata_pengguna','Data Pengguna','::1'),(213,367,'masterdata_users','2019-12-28 11:03:00','http://localhost/dev/sudinkesju/administration/masterdata_pengguna','Data Pengguna','::1'),(214,367,'masterdata_users','2019-12-28 11:04:22','http://localhost/dev/sudinkesju/administration/masterdata_pengguna','Data Pengguna','::1'),(215,367,'member_login','2019-12-28 13:21:51','http://localhost/dev/sudinkesju/auth/login/do_login','Login Success with username : taofikanwar','::1'),(216,367,'administration_view','2019-12-28 13:21:51','http://localhost/dev/sudinkesju/administration/dashboard','Administration','::1'),(217,367,'masterdata_users','2019-12-28 13:21:54','http://localhost/dev/sudinkesju/administration/masterdata_pengguna','Data Pengguna','::1'),(218,367,'masterdata_users','2019-12-28 13:23:10','http://localhost/dev/sudinkesju/administration/masterdata_pengguna','Data Pengguna','::1'),(219,367,'masterdata_users','2019-12-28 13:23:51','http://localhost/dev/sudinkesju/administration/masterdata_pengguna','Data Pengguna','::1'),(220,367,'masterdata_users','2019-12-28 13:26:57','http://localhost/dev/sudinkesju/administration/masterdata_pengguna','Data Pengguna','::1'),(221,367,'masterdata_users','2019-12-28 13:27:26','http://localhost/dev/sudinkesju/administration/masterdata_pengguna','Data Pengguna','::1'),(222,367,'masterdata_users','2019-12-28 13:30:33','http://localhost/dev/sudinkesju/administration/masterdata_pengguna','Data Pengguna','::1'),(223,367,'masterdata_users','2019-12-28 13:30:38','http://localhost/dev/sudinkesju/administration/masterdata_pengguna/ajax_delete/1','Hapus Master Data Pengguna','::1'),(224,367,'masterdata_users','2019-12-28 13:30:42','http://localhost/dev/sudinkesju/administration/masterdata_pengguna/ajax_delete/4','Hapus Master Data Pengguna','::1'),(225,367,'masterdata_users','2019-12-28 13:45:19','http://localhost/dev/sudinkesju/administration/masterdata_pengguna','Data Pengguna','::1'),(226,367,'masterdata_users','2019-12-28 13:48:10','http://localhost/dev/sudinkesju/administration/masterdata_pengguna','Data Pengguna','::1'),(227,367,'masterdata_users','2019-12-28 13:50:31','http://localhost/dev/sudinkesju/administration/masterdata_pengguna','Data Pengguna','::1'),(228,367,'masterdata_users','2019-12-28 13:51:06','http://localhost/dev/sudinkesju/administration/masterdata_pengguna','Data Pengguna','::1'),(229,367,'masterdata_users','2019-12-28 13:51:28','http://localhost/dev/sudinkesju/administration/masterdata_pengguna','Data Pengguna','::1'),(230,367,'masterdata_users','2019-12-28 13:54:01','http://localhost/dev/sudinkesju/administration/masterdata_pengguna','Data Pengguna','::1'),(231,367,'masterdata_users','2019-12-28 13:54:06','http://localhost/dev/sudinkesju/administration/masterdata_pengguna/ajax_add','Tambah Master Data Pengguna','::1'),(232,367,'masterdata_users','2019-12-28 13:54:16','http://localhost/dev/sudinkesju/administration/masterdata_pengguna','Data Pengguna','::1'),(233,367,'masterdata_users','2019-12-28 13:54:17','http://localhost/dev/sudinkesju/administration/masterdata_pengguna','Data Pengguna','::1'),(234,367,'masterdata_users','2019-12-28 13:54:17','http://localhost/dev/sudinkesju/administration/masterdata_pengguna','Data Pengguna','::1'),(235,367,'masterdata_users','2019-12-28 13:54:17','http://localhost/dev/sudinkesju/administration/masterdata_pengguna','Data Pengguna','::1'),(236,367,'masterdata_users','2019-12-28 13:58:02','http://localhost/dev/sudinkesju/administration/masterdata_pengguna','Data Pengguna','::1'),(237,367,'masterdata_users','2019-12-28 14:03:15','http://localhost/dev/sudinkesju/administration/masterdata_pengguna/ajax_add','Tambah Master Data Pengguna','::1'),(238,367,'masterdata_users','2019-12-28 14:03:22','http://localhost/dev/sudinkesju/administration/masterdata_pengguna/ajax_delete/368','Hapus Master Data Pengguna','::1'),(239,369,'member_login','2019-12-28 14:03:50','http://localhost/dev/sudinkesju/auth/login/do_login','Login Success with username : admin','::1'),(240,367,'member_login','2019-12-28 14:14:00','http://localhost/dev/sudinkesju/auth/login/do_login','Login Success with username : taofikanwar','::1'),(241,367,'administration_view','2019-12-28 14:14:00','http://localhost/dev/sudinkesju/administration/dashboard','Administration','::1'),(242,367,'masterdata_users','2019-12-28 14:14:05','http://localhost/dev/sudinkesju/administration/masterdata_pengguna','Data Pengguna','::1'),(243,367,'masterdata_users','2019-12-28 14:15:02','http://localhost/dev/sudinkesju/administration/masterdata_pengguna','Data Pengguna','::1'),(244,367,'masterdata_users','2019-12-28 14:15:42','http://localhost/dev/sudinkesju/administration/masterdata_pengguna','Data Pengguna','::1'),(245,367,'masterdata_users','2019-12-28 14:15:56','http://localhost/dev/sudinkesju/administration/masterdata_pengguna','Data Pengguna','::1'),(246,367,'masterdata_users','2019-12-28 14:16:17','http://localhost/dev/sudinkesju/administration/masterdata_pengguna','Data Pengguna','::1'),(247,367,'masterdata_users','2019-12-28 14:49:02','http://localhost/dev/sudinkesju/administration/masterdata_pengguna','Data Pengguna','::1'),(248,367,'masterdata_users','2019-12-28 14:49:26','http://localhost/dev/sudinkesju/administration/masterdata_pengguna','Data Pengguna','::1'),(249,367,'masterdata_users','2019-12-28 14:52:58','http://localhost/dev/sudinkesju/administration/masterdata_pengguna','Data Pengguna','::1'),(250,367,'masterdata_users','2019-12-28 14:53:17','http://localhost/dev/sudinkesju/administration/masterdata_pengguna/ajax_delete/369','Hapus Master Data Pengguna','::1'),(251,367,'masterdata_users','2019-12-28 14:58:51','http://localhost/dev/sudinkesju/administration/masterdata_pengguna/ajax_add','Tambah Master Data Pengguna','::1'),(252,367,'masterdata_users','2019-12-28 14:59:23','http://localhost/dev/sudinkesju/administration/masterdata_pengguna/ajax_add','Tambah Master Data Pengguna','::1'),(253,370,'member_login','2019-12-28 14:59:39','http://localhost/dev/sudinkesju/auth/login/do_login','Login Success with username : admin','::1'),(254,367,'member_login','2019-12-28 15:02:18','http://localhost/dev/sudinkesju/auth/login/do_login','Login Success with username : taofikanwar','::1'),(255,367,'administration_view','2019-12-28 15:02:18','http://localhost/dev/sudinkesju/administration/dashboard','Administration','::1'),(256,367,'masterdata_users','2019-12-28 15:02:21','http://localhost/dev/sudinkesju/administration/masterdata_pengguna','Data Pengguna','::1'),(257,367,'masterdata_users','2019-12-28 15:08:44','http://localhost/dev/sudinkesju/administration/masterdata_pengguna/ajax_add','Tambah Master Data Pengguna','::1'),(258,367,'masterdata_users','2019-12-28 15:09:13','http://localhost/dev/sudinkesju/administration/masterdata_pengguna/ajax_delete/371','Hapus Master Data Pengguna','::1'),(259,367,'masterdata_users','2019-12-28 15:09:16','http://localhost/dev/sudinkesju/administration/masterdata_pengguna/ajax_delete/370','Hapus Master Data Pengguna','::1'),(260,367,'masterdata_users','2019-12-28 15:09:40','http://localhost/dev/sudinkesju/administration/masterdata_pengguna/ajax_add','Tambah Master Data Pengguna','::1'),(261,NULL,'member_login','2019-12-28 15:10:06','http://localhost/dev/sudinkesju/auth/login/do_login','Login attempt failed with username : adminsudin','::1'),(262,372,'member_login','2019-12-28 15:10:13','http://localhost/dev/sudinkesju/auth/login/do_login','Login Success with username : adminsudin','::1'),(263,372,'administration_view','2019-12-28 15:10:13','http://localhost/dev/sudinkesju/administration/dashboard','Administration','::1'),(264,367,'member_login','2019-12-28 15:11:32','http://localhost/dev/sudinkesju/auth/login/do_login','Login Success with username : taofikanwar','::1'),(265,367,'administration_view','2019-12-28 15:11:32','http://localhost/dev/sudinkesju/administration/dashboard','Administration','::1'),(266,367,'masterdata_users','2019-12-28 15:21:28','http://localhost/dev/sudinkesju/administration/masterdata_pengguna','Data Pengguna','::1'),(267,367,'member_login','2019-12-29 10:40:39','http://localhost/dev/sudinkesju/auth/login/do_login','Login Success with username : taofikanwar','::1'),(268,367,'administration_view','2019-12-29 10:40:40','http://localhost/dev/sudinkesju/administration/dashboard','Administration','::1'),(269,367,'member_login','2019-12-30 04:18:57','http://localhost/dev/sudinkesju/auth/login/do_login','Login Success with username : taofikanwar','::1'),(270,367,'administration_view','2019-12-30 04:18:57','http://localhost/dev/sudinkesju/administration/dashboard','Administration','::1'),(271,367,'masterdata_users','2019-12-30 04:19:06','http://localhost/dev/sudinkesju/administration/masterdata_pengguna','Data Pengguna','::1'),(272,367,'masterdata_users','2019-12-30 04:38:11','http://localhost/dev/sudinkesju/administration/masterdata_pengguna','Data Pengguna','::1'),(273,367,'masterdata_users','2019-12-30 04:39:48','http://localhost/dev/sudinkesju/administration/masterdata_pengguna/ajax_add','Tambah Master Data Pengguna','::1'),(274,367,'masterdata_users','2019-12-30 04:41:34','http://localhost/dev/sudinkesju/administration/masterdata_pengguna','Data Pengguna','::1'),(275,367,'masterdata_users','2019-12-30 04:43:35','http://localhost/dev/sudinkesju/administration/masterdata_pengguna/ajax_update','Update Master Data Pengguna','::1'),(276,367,'masterdata_users','2019-12-30 04:44:04','http://localhost/dev/sudinkesju/administration/masterdata_pengguna/ajax_update','Update Master Data Pengguna','::1'),(277,367,'masterdata_users','2019-12-30 04:44:18','http://localhost/dev/sudinkesju/administration/masterdata_pengguna/ajax_update','Update Master Data Pengguna','::1'),(278,373,'member_login','2019-12-30 04:44:41','http://localhost/dev/sudinkesju/auth/login/do_login','Login Success with username : adminusers','::1'),(279,373,'administration_view','2019-12-30 04:44:41','http://localhost/dev/sudinkesju/administration/dashboard','Administration','::1'),(280,373,'administration_view','2019-12-30 04:44:50','http://localhost/dev/sudinkesju/administration/dashboard','Administration','::1'),(281,367,'member_login','2019-12-30 04:44:55','http://localhost/dev/sudinkesju/auth/login/do_login','Login Success with username : taofikanwar','::1'),(282,367,'administration_view','2019-12-30 04:44:55','http://localhost/dev/sudinkesju/administration/dashboard','Administration','::1'),(283,367,'masterdata_users','2019-12-30 04:44:58','http://localhost/dev/sudinkesju/administration/masterdata_pengguna','Data Pengguna','::1'),(284,367,'masterdata_users','2019-12-30 04:51:15','http://localhost/dev/sudinkesju/administration/masterdata_pengguna','Data Pengguna','::1'),(285,367,'masterdata_users','2019-12-30 04:55:10','http://localhost/dev/sudinkesju/administration/masterdata_pengguna','Data Pengguna','::1'),(286,367,'masterdata_users','2019-12-30 04:56:33','http://localhost/dev/sudinkesju/administration/masterdata_pengguna','Data Pengguna','::1'),(287,367,'masterdata_users','2019-12-30 04:58:40','http://localhost/dev/sudinkesju/administration/masterdata_pengguna','Data Pengguna','::1'),(288,367,'masterdata_users','2019-12-30 06:13:13','http://localhost/dev/sudinkesju/administration/masterdata_pengguna','Data Pengguna','::1'),(289,367,'sarana_profil_page','2019-12-30 06:13:27','http://localhost/dev/sudinkesju/administration/profil_sarana','Group Management','::1'),(290,367,'masterdata_users','2019-12-30 06:13:28','http://localhost/dev/sudinkesju/administration/masterdata_pengguna','Data Pengguna','::1'),(291,367,'sarana_profil_page','2019-12-30 06:14:01','http://localhost/dev/sudinkesju/administration/profil_sarana','Group Management','::1'),(292,367,'sarana_profil_page','2019-12-30 06:14:20','http://localhost/dev/sudinkesju/administration/profil_sarana','Group Management','::1'),(293,367,'sarana_profil_page','2019-12-30 06:17:05','http://localhost/dev/sudinkesju/administration/profil_sarana','Group Management','::1'),(294,367,'member_login','2019-12-30 09:10:22','http://localhost/dev/sudinkesju/auth/login/do_login','Login Success with username : taofikanwar','::1'),(295,367,'administration_view','2019-12-30 09:10:23','http://localhost/dev/sudinkesju/administration/dashboard','Administration','::1'),(296,367,'sarana_profil_page','2019-12-30 09:10:30','http://localhost/dev/sudinkesju/administration/profil_sarana','Group Management','::1'),(297,367,'sarana_profil_page','2019-12-30 09:10:51','http://localhost/dev/sudinkesju/administration/profil_sarana','Group Management','::1'),(298,367,'sarana_profil_page','2019-12-30 09:11:35','http://localhost/dev/sudinkesju/administration/profil_sarana','Group Management','::1'),(299,367,'sarana_profil_page','2019-12-30 09:13:20','http://localhost/dev/sudinkesju/administration/profil_sarana','Group Management','::1'),(300,367,'sarana_profil_page','2019-12-30 09:15:31','http://localhost/dev/sudinkesju/administration/profil_sarana','Group Management','::1'),(301,367,'sarana_profil_page','2019-12-30 09:15:38','http://localhost/dev/sudinkesju/administration/profil_sarana','Group Management','::1'),(302,367,'sarana_profil_page','2019-12-30 09:30:07','http://localhost/dev/sudinkesju/administration/profil_sarana','Group Management','::1'),(303,367,'Config_group_page','2019-12-30 09:31:23','http://localhost/dev/sudinkesju/administration/config_group','Group Management','::1'),(304,367,'sarana_profil_page','2019-12-30 09:31:50','http://localhost/dev/sudinkesju/administration/profil_sarana','Group Management','::1'),(305,367,'Config_group_page','2019-12-30 09:32:36','http://localhost/dev/sudinkesju/administration/config_group','Group Management','::1'),(306,367,'config_menus_page','2019-12-30 09:32:40','http://localhost/dev/sudinkesju/administration/config_menu','Konfigurasi Menu','::1'),(307,367,'config_menus_page','2019-12-30 09:32:45','http://localhost/dev/sudinkesju/administration/config_menu','Konfigurasi Menu','::1'),(308,367,'sarana_profil_page','2019-12-30 09:32:48','http://localhost/dev/sudinkesju/administration/profil_sarana','Group Management','::1'),(309,367,'sarana_profil_page','2019-12-30 09:34:06','http://localhost/dev/sudinkesju/administration/profil_sarana','Group Management','::1'),(310,367,'sarana_profil_page','2019-12-30 09:34:13','http://localhost/dev/sudinkesju/administration/profil_sarana','Group Management','::1'),(311,367,'sarana_profil_page','2019-12-30 09:36:22','http://localhost/dev/sudinkesju/administration/profil_sarana','Group Management','::1'),(312,367,'sarana_profil_page','2019-12-30 09:36:33','http://localhost/dev/sudinkesju/administration/profil_sarana','Group Management','::1'),(313,367,'sarana_profil_page','2019-12-30 09:45:21','http://localhost/dev/sudinkesju/administration/profil_sarana','Group Management','::1'),(314,367,'sarana_profil_page','2019-12-30 09:47:10','http://localhost/dev/sudinkesju/administration/profil_sarana','Group Management','::1'),(315,367,'sarana_profil_page','2019-12-30 09:48:29','http://localhost/dev/sudinkesju/administration/profil_sarana','Group Management','::1'),(316,367,'sarana_profil_page','2019-12-30 09:50:21','http://localhost/dev/sudinkesju/administration/profil_sarana','Group Management','::1'),(317,367,'sarana_profil_page','2019-12-30 09:53:37','http://localhost/dev/sudinkesju/administration/profil_sarana','Group Management','::1'),(318,367,'sarana_profil_page','2019-12-30 09:54:07','http://localhost/dev/sudinkesju/administration/profil_sarana','Group Management','::1'),(319,367,'sarana_profil_page','2019-12-30 09:58:03','http://localhost/dev/sudinkesju/administration/profil_sarana','Group Management','::1'),(320,367,'sarana_profil_page','2019-12-30 09:59:48','http://localhost/dev/sudinkesju/administration/profil_sarana','Group Management','::1'),(321,367,'sarana_profil_page','2019-12-30 09:59:54','http://localhost/dev/sudinkesju/administration/profil_sarana','Group Management','::1'),(322,367,'sarana_profil_page','2019-12-30 10:00:11','http://localhost/dev/sudinkesju/administration/profil_sarana','Group Management','::1'),(323,367,'masterdata_users','2019-12-30 10:00:16','http://localhost/dev/sudinkesju/administration/masterdata_pengguna','Data Pengguna','::1'),(324,367,'sarana_profil_page','2019-12-30 10:00:18','http://localhost/dev/sudinkesju/administration/profil_sarana','Group Management','::1'),(325,367,'sarana_profil_page','2019-12-30 10:02:29','http://localhost/dev/sudinkesju/administration/profil_sarana','Group Management','::1'),(326,367,'sarana_profil_page','2019-12-30 10:02:48','http://localhost/dev/sudinkesju/administration/profil_sarana','Group Management','::1'),(327,367,'sarana_profil_page','2019-12-30 10:03:07','http://localhost/dev/sudinkesju/administration/profil_sarana','Group Management','::1'),(328,367,'sarana_profil_page','2019-12-30 10:04:03','http://localhost/dev/sudinkesju/administration/profil_sarana','Group Management','::1'),(329,367,'sarana_profil_page','2019-12-30 10:04:44','http://localhost/dev/sudinkesju/administration/profil_sarana','Group Management','::1'),(330,367,'sarana_profil_page','2019-12-30 10:10:17','http://localhost/dev/sudinkesju/administration/profil_sarana','Group Management','::1'),(331,367,'sarana_profil_page','2019-12-30 10:18:37','http://localhost/dev/sudinkesju/administration/profil_sarana','Group Management','::1'),(332,367,'sarana_profil_page','2019-12-30 10:21:37','http://localhost/dev/sudinkesju/administration/profil_sarana','Group Management','::1'),(333,367,'sarana_profil_page','2019-12-30 10:23:14','http://localhost/dev/sudinkesju/administration/profil_sarana','Group Management','::1'),(334,367,'sarana_profil_page','2019-12-30 10:23:29','http://localhost/dev/sudinkesju/administration/profil_sarana','Group Management','::1'),(335,367,'sarana_profil_page','2019-12-30 10:23:42','http://localhost/dev/sudinkesju/administration/profil_sarana','Group Management','::1'),(336,367,'sarana_profil_page','2019-12-30 10:24:09','http://localhost/dev/sudinkesju/administration/profil_sarana','Group Management','::1'),(337,367,'sarana_profil_page','2019-12-30 10:24:32','http://localhost/dev/sudinkesju/administration/profil_sarana','Group Management','::1'),(338,367,'sarana_profil_page','2019-12-30 10:31:49','http://localhost/dev/sudinkesju/administration/profil_sarana','Group Management','::1'),(339,NULL,'member_login','2019-12-30 10:32:00','http://taofikanwart/dev/sudinkesju/auth/login/do_login','Login attempt failed with username : taofikanwar','127.0.0.1'),(340,367,'member_login','2019-12-30 10:32:06','http://taofikanwart/dev/sudinkesju/auth/login/do_login','Login Success with username : taofikanwar','127.0.0.1'),(341,367,'administration_view','2019-12-30 10:32:06','http://taofikanwart/dev/sudinkesju/administration/dashboard','Administration','127.0.0.1'),(342,367,'masterdata_users','2019-12-30 10:32:11','http://taofikanwart/dev/sudinkesju/administration/masterdata_pengguna','Data Pengguna','127.0.0.1'),(343,367,'masterdata_users','2019-12-30 10:32:21','http://taofikanwart/dev/sudinkesju/administration/masterdata_pengguna/ajax_update','Update Master Data Pengguna','127.0.0.1'),(344,367,'member_login','2019-12-30 10:32:31','http://taofikanwart/dev/sudinkesju/auth/login/do_login','Login Success with username : taofikanwar','127.0.0.1'),(345,367,'administration_view','2019-12-30 10:32:31','http://taofikanwart/dev/sudinkesju/administration/dashboard','Administration','127.0.0.1'),(346,367,'sarana_profil_page','2019-12-30 10:32:33','http://taofikanwart/dev/sudinkesju/administration/profil_sarana','Group Management','127.0.0.1'),(347,367,'sarana_profil_page','2019-12-30 10:35:52','http://taofikanwart/dev/sudinkesju/administration/profil_sarana','Group Management','127.0.0.1'),(348,367,'sarana_profil_page','2019-12-30 10:38:30','http://taofikanwart/dev/sudinkesju/administration/profil_sarana','Group Management','127.0.0.1'),(349,367,'sarana_profil_page','2019-12-30 10:50:27','http://taofikanwart/dev/sudinkesju/administration/profil_sarana','Group Management','127.0.0.1'),(350,367,'sarana_profil_page','2019-12-30 10:52:06','http://taofikanwart/dev/sudinkesju/administration/profil_sarana','Group Management','127.0.0.1'),(351,367,'sarana_profil_page','2019-12-30 10:52:37','http://taofikanwart/dev/sudinkesju/administration/profil_sarana','Group Management','127.0.0.1'),(352,367,'sarana_profil_page','2019-12-30 10:53:53','http://taofikanwart/dev/sudinkesju/administration/profil_sarana','Group Management','127.0.0.1'),(353,367,'sarana_profil_page','2019-12-30 10:55:33','http://taofikanwart/dev/sudinkesju/administration/profil_sarana','Group Management','127.0.0.1'),(354,367,'sarana_profil_page','2019-12-30 10:56:27','http://taofikanwart/dev/sudinkesju/administration/profil_sarana','Group Management','127.0.0.1'),(355,367,'sarana_profil_page','2019-12-30 10:56:34','http://taofikanwart/dev/sudinkesju/administration/profil_sarana','Group Management','127.0.0.1'),(356,367,'sarana_profil_page','2019-12-30 10:57:00','http://taofikanwart/dev/sudinkesju/administration/profil_sarana','Group Management','127.0.0.1'),(357,367,'sarana_profil_page','2019-12-30 10:57:10','http://taofikanwart/dev/sudinkesju/administration/profil_sarana','Group Management','127.0.0.1'),(358,367,'sarana_profil_page','2019-12-30 10:58:01','http://taofikanwart/dev/sudinkesju/administration/profil_sarana','Group Management','127.0.0.1'),(359,367,'sarana_profil_page','2019-12-30 10:59:05','http://taofikanwart/dev/sudinkesju/administration/profil_sarana','Group Management','127.0.0.1'),(360,367,'sarana_profil_page','2019-12-30 10:59:27','http://taofikanwart/dev/sudinkesju/administration/profil_sarana','Group Management','127.0.0.1'),(361,367,'sarana_profil_page','2019-12-30 10:59:29','http://taofikanwart/dev/sudinkesju/administration/profil_sarana','Group Management','127.0.0.1'),(362,367,'sarana_profil_page','2019-12-30 10:59:31','http://taofikanwart/dev/sudinkesju/administration/profil_sarana','Group Management','127.0.0.1'),(363,367,'sarana_profil_page','2019-12-30 10:59:43','http://taofikanwart/dev/sudinkesju/administration/profil_sarana','Group Management','127.0.0.1'),(364,367,'sarana_profil_page','2019-12-30 11:00:51','http://taofikanwart/dev/sudinkesju/administration/profil_sarana','Group Management','127.0.0.1'),(365,367,'sarana_profil_page','2019-12-30 11:00:56','http://taofikanwart/dev/sudinkesju/administration/profil_sarana','Group Management','127.0.0.1'),(366,367,'sarana_profil_page','2019-12-30 11:01:24','http://taofikanwart/dev/sudinkesju/administration/profil_sarana','Group Management','127.0.0.1'),(367,367,'sarana_profil_page','2019-12-30 11:01:45','http://taofikanwart/dev/sudinkesju/administration/profil_sarana','Group Management','127.0.0.1'),(368,367,'sarana_profil_page','2019-12-30 11:01:51','http://taofikanwart/dev/sudinkesju/administration/profil_sarana','Group Management','127.0.0.1'),(369,367,'sarana_profil_page','2019-12-30 11:02:49','http://taofikanwart/dev/sudinkesju/administration/profil_sarana','Group Management','127.0.0.1'),(370,367,'sarana_profil_page','2019-12-30 11:04:14','http://taofikanwart/dev/sudinkesju/administration/profil_sarana','Group Management','127.0.0.1'),(371,367,'sarana_profil_page','2019-12-30 11:04:21','http://taofikanwart/dev/sudinkesju/administration/profil_sarana','Group Management','127.0.0.1'),(372,367,'sarana_profil_page','2019-12-30 11:04:57','http://taofikanwart/dev/sudinkesju/administration/profil_sarana','Group Management','127.0.0.1'),(373,367,'sarana_profil_page','2019-12-30 11:05:12','http://taofikanwart/dev/sudinkesju/administration/profil_sarana','Group Management','127.0.0.1'),(374,367,'sarana_profil_page','2019-12-30 11:05:31','http://taofikanwart/dev/sudinkesju/administration/profil_sarana','Group Management','127.0.0.1'),(375,367,'sarana_profil_page','2019-12-30 11:06:01','http://taofikanwart/dev/sudinkesju/administration/profil_sarana','Group Management','127.0.0.1'),(376,367,'sarana_profil_page','2019-12-30 11:06:12','http://taofikanwart/dev/sudinkesju/administration/profil_sarana','Group Management','127.0.0.1'),(377,367,'sarana_profil_page','2019-12-30 11:06:55','http://taofikanwart/dev/sudinkesju/administration/profil_sarana','Group Management','127.0.0.1'),(378,367,'sarana_profil_page','2019-12-30 11:07:09','http://taofikanwart/dev/sudinkesju/administration/profil_sarana','Group Management','127.0.0.1'),(379,367,'sarana_profil_page','2019-12-30 11:07:18','http://taofikanwart/dev/sudinkesju/administration/profil_sarana','Group Management','127.0.0.1'),(380,367,'member_login','2019-12-31 01:16:00','http://taofikanwart/dev/sudinkesju/auth/login/do_login','Login Success with username : taofikanwar','127.0.0.1'),(381,367,'administration_view','2019-12-31 01:16:00','http://taofikanwart/dev/sudinkesju/administration/dashboard','Administration','127.0.0.1'),(382,367,'sarana_profil_page','2019-12-31 01:16:04','http://taofikanwart/dev/sudinkesju/administration/profil_sarana','Group Management','127.0.0.1'),(383,367,'sarana_profil_page','2019-12-31 01:17:06','http://taofikanwart/dev/sudinkesju/administration/profil_sarana','Group Management','127.0.0.1'),(384,367,'sarana_profil_page','2019-12-31 01:17:23','http://taofikanwart/dev/sudinkesju/administration/profil_sarana','Group Management','127.0.0.1'),(385,367,'sarana_profil_page','2019-12-31 01:22:40','http://taofikanwart/dev/sudinkesju/administration/profil_sarana','Group Management','127.0.0.1'),(386,367,'sarana_profil_page','2019-12-31 01:29:02','http://taofikanwart/dev/sudinkesju/administration/profil_sarana','Group Management','127.0.0.1'),(387,367,'sarana_profil_page','2019-12-31 01:29:48','http://taofikanwart/dev/sudinkesju/administration/profil_sarana','Group Management','127.0.0.1'),(388,367,'sarana_profil_page','2019-12-31 01:29:58','http://taofikanwart/dev/sudinkesju/administration/profil_sarana','Group Management','127.0.0.1'),(389,367,'sarana_profil_page','2019-12-31 01:30:16','http://taofikanwart/dev/sudinkesju/administration/profil_sarana','Group Management','127.0.0.1'),(390,367,'sarana_profil_page','2019-12-31 01:31:15','http://taofikanwart/dev/sudinkesju/administration/profil_sarana','Group Management','127.0.0.1'),(391,367,'sarana_profil_page','2019-12-31 01:31:22','http://taofikanwart/dev/sudinkesju/administration/profil_sarana','Group Management','127.0.0.1'),(392,367,'sarana_profil_page','2019-12-31 01:31:42','http://taofikanwart/dev/sudinkesju/administration/profil_sarana','Group Management','127.0.0.1'),(393,367,'sarana_profil_page','2019-12-31 01:31:47','http://taofikanwart/dev/sudinkesju/administration/profil_sarana','Group Management','127.0.0.1'),(394,367,'sarana_profil_page','2019-12-31 01:33:57','http://taofikanwart/dev/sudinkesju/administration/profil_sarana','Group Management','127.0.0.1'),(395,367,'sarana_profil_page','2019-12-31 01:35:25','http://taofikanwart/dev/sudinkesju/administration/profil_sarana','Group Management','127.0.0.1'),(396,367,'sarana_profil_page','2019-12-31 01:35:37','http://taofikanwart/dev/sudinkesju/administration/profil_sarana','Group Management','127.0.0.1'),(397,367,'sarana_profil_page','2019-12-31 01:35:47','http://taofikanwart/dev/sudinkesju/administration/profil_sarana','Group Management','127.0.0.1'),(398,367,'sarana_profil_page','2019-12-31 01:36:30','http://taofikanwart/dev/sudinkesju/administration/profil_sarana','Group Management','127.0.0.1'),(399,367,'sarana_profil_page','2019-12-31 01:36:49','http://taofikanwart/dev/sudinkesju/administration/profil_sarana','Group Management','127.0.0.1'),(400,367,'sarana_profil_page','2019-12-31 01:38:12','http://taofikanwart/dev/sudinkesju/administration/profil_sarana','Group Management','127.0.0.1'),(401,367,'sarana_profil_page','2019-12-31 01:38:27','http://taofikanwart/dev/sudinkesju/administration/profil_sarana','Group Management','127.0.0.1'),(402,367,'sarana_profil_page','2019-12-31 01:38:33','http://taofikanwart/dev/sudinkesju/administration/profil_sarana','Group Management','127.0.0.1'),(403,367,'sarana_profil_page','2019-12-31 01:40:02','http://taofikanwart/dev/sudinkesju/administration/profil_sarana','Group Management','127.0.0.1'),(404,367,'sarana_profil_page','2019-12-31 01:40:42','http://taofikanwart/dev/sudinkesju/administration/profil_sarana','Group Management','127.0.0.1'),(405,367,'sarana_profil_page','2019-12-31 01:42:30','http://taofikanwart/dev/sudinkesju/administration/profil_sarana','Group Management','127.0.0.1'),(406,367,'sarana_profil_page','2019-12-31 01:43:13','http://taofikanwart/dev/sudinkesju/administration/profil_sarana','Group Management','127.0.0.1'),(407,367,'sarana_profil_page','2019-12-31 01:47:00','http://taofikanwart/dev/sudinkesju/administration/profil_sarana','Group Management','127.0.0.1'),(408,367,'sarana_profil_page','2019-12-31 01:47:44','http://taofikanwart/dev/sudinkesju/administration/profil_sarana','Group Management','127.0.0.1'),(409,367,'sarana_profil_page','2019-12-31 01:48:08','http://taofikanwart/dev/sudinkesju/administration/profil_sarana','Group Management','127.0.0.1'),(410,367,'sarana_profil_page','2019-12-31 01:48:13','http://taofikanwart/dev/sudinkesju/administration/profil_sarana','Group Management','127.0.0.1'),(411,367,'sarana_profil_page','2019-12-31 02:04:31','http://taofikanwart/dev/sudinkesju/administration/profil_sarana','Group Management','127.0.0.1'),(412,367,'sarana_profil_page','2019-12-31 02:07:28','http://taofikanwart/dev/sudinkesju/administration/profil_sarana','Group Management','127.0.0.1'),(413,367,'sarana_profil_page','2019-12-31 02:08:48','http://taofikanwart/dev/sudinkesju/administration/profil_sarana','Group Management','127.0.0.1'),(414,367,'sarana_profil_page','2019-12-31 02:25:31','http://taofikanwart/dev/sudinkesju/administration/profil_sarana','Group Management','127.0.0.1'),(415,367,'sarana_profil_page','2019-12-31 04:18:49','http://taofikanwart/dev/sudinkesju/administration/profil_sarana','Group Management','127.0.0.1'),(416,367,'sarana_profil_page','2019-12-31 04:19:09','http://taofikanwart/dev/sudinkesju/administration/profil_sarana','Group Management','127.0.0.1'),(417,367,'sarana_profil_page','2019-12-31 04:19:36','http://taofikanwart/dev/sudinkesju/administration/profil_sarana','Group Management','127.0.0.1'),(418,367,'sarana_profil_page','2019-12-31 04:21:44','http://taofikanwart/dev/sudinkesju/administration/profil_sarana','Group Management','127.0.0.1'),(419,367,'sarana_profil_page','2019-12-31 04:21:45','http://taofikanwart/dev/sudinkesju/administration/profil_sarana','Group Management','127.0.0.1'),(420,367,'sarana_profil_page','2019-12-31 04:21:45','http://taofikanwart/dev/sudinkesju/administration/profil_sarana','Group Management','127.0.0.1'),(421,367,'sarana_profil_page','2019-12-31 04:26:01','http://taofikanwart/dev/sudinkesju/administration/profil_sarana','Group Management','127.0.0.1'),(422,367,'sarana_profil_page','2019-12-31 04:27:15','http://taofikanwart/dev/sudinkesju/administration/profil_sarana','Group Management','127.0.0.1'),(423,367,'sarana_profil_page','2019-12-31 04:27:25','http://taofikanwart/dev/sudinkesju/administration/profil_sarana','Group Management','127.0.0.1'),(424,367,'sarana_profil_page','2019-12-31 04:34:01','http://taofikanwart/dev/sudinkesju/administration/profil_sarana','Group Management','127.0.0.1'),(425,367,'member_login','2019-12-31 07:17:07','http://taofikanwart/dev/sudinkesju/auth/login/do_login','Login Success with username : taofikanwar','127.0.0.1'),(426,367,'administration_view','2019-12-31 07:17:08','http://taofikanwart/dev/sudinkesju/administration/dashboard','Administration','127.0.0.1'),(427,367,'sarana_profil_page','2019-12-31 07:26:52','http://taofikanwart/dev/sudinkesju/administration/profil_sarana','Group Management','127.0.0.1'),(428,367,'sarana_profil_page','2019-12-31 07:32:07','http://taofikanwart/dev/sudinkesju/administration/profil_sarana','Group Management','127.0.0.1'),(429,367,'sarana_profil_page','2019-12-31 07:32:48','http://taofikanwart/dev/sudinkesju/administration/profil_sarana','Group Management','127.0.0.1'),(430,367,'sarana_profil_page','2019-12-31 07:35:23','http://taofikanwart/dev/sudinkesju/administration/profil_sarana','Group Management','127.0.0.1'),(431,367,'member_login','2019-12-31 10:02:25','http://taofikanwart/dev/sudinkesju/auth/login/do_login','Login Success with username : taofikanwar','127.0.0.1'),(432,367,'administration_view','2019-12-31 10:02:25','http://taofikanwart/dev/sudinkesju/administration/dashboard','Administration','127.0.0.1'),(433,367,'member_login','2020-01-02 04:24:32','http://taofikanwart/dev/sudinkesju/auth/login/do_login','Login Success with username : taofikanwar','127.0.0.1'),(434,367,'administration_view','2020-01-02 04:24:32','http://taofikanwart/dev/sudinkesju/administration/dashboard','Administration','127.0.0.1'),(435,367,'sarana_profil_page','2020-01-02 04:24:34','http://taofikanwart/dev/sudinkesju/administration/profil_sarana','Group Management','127.0.0.1'),(436,367,'sarana_profil_page','2020-01-02 06:35:49','http://taofikanwart/dev/sudinkesju/administration/profil_sarana','Group Management','127.0.0.1'),(437,367,'masterdata_users','2020-01-02 06:42:36','http://taofikanwart/dev/sudinkesju/administration/profil_sarana/ajax_add','Tambah Master Data Pengguna','127.0.0.1'),(438,367,'sarana_profil_page','2020-01-02 07:20:07','http://taofikanwart/dev/sudinkesju/administration/profil_sarana','Group Management','127.0.0.1'),(439,367,'sarana_profil_page','2020-01-02 07:20:13','http://taofikanwart/dev/sudinkesju/administration/profil_sarana','Group Management','127.0.0.1'),(440,367,'masterdata_users','2020-01-02 07:20:19','http://taofikanwart/dev/sudinkesju/administration/profil_sarana/ajax_add','Tambah Master Data Pengguna','127.0.0.1'),(441,367,'sarana_profil_page','2020-01-02 07:23:06','http://taofikanwart/dev/sudinkesju/administration/profil_sarana/ajax_add','Update Master Data Profil','127.0.0.1'),(442,367,'sarana_profil_page','2020-01-02 07:30:41','http://taofikanwart/dev/sudinkesju/administration/profil_sarana/ajax_add','Update Master Data Profil','127.0.0.1'),(443,367,'sarana_profil_page','2020-01-02 07:34:10','http://taofikanwart/dev/sudinkesju/administration/profil_sarana/ajax_add','Update Master Data Profil','127.0.0.1'),(444,367,'sarana_profil_page','2020-01-02 07:34:32','http://taofikanwart/dev/sudinkesju/administration/profil_sarana/ajax_add','Update Master Data Profil','127.0.0.1'),(445,367,'sarana_profil_page','2020-01-02 07:38:37','http://taofikanwart/dev/sudinkesju/administration/profil_sarana','Group Management','127.0.0.1'),(446,367,'sarana_profil_page','2020-01-02 07:39:25','http://taofikanwart/dev/sudinkesju/administration/profil_sarana','Group Management','127.0.0.1'),(447,367,'sarana_profil_page','2020-01-02 07:39:40','http://taofikanwart/dev/sudinkesju/administration/profil_sarana/ajax_add','Update Master Data Profil','127.0.0.1'),(448,367,'sarana_profil_page','2020-01-02 07:39:48','http://taofikanwart/dev/sudinkesju/administration/profil_sarana/ajax_add','Update Master Data Profil','127.0.0.1'),(449,367,'sarana_profil_page','2020-01-02 07:44:44','http://taofikanwart/dev/sudinkesju/administration/profil_sarana','Group Management','127.0.0.1'),(450,367,'sarana_profil_page','2020-01-02 07:44:53','http://taofikanwart/dev/sudinkesju/administration/profil_sarana/ajax_add','Update Master Data Profil','127.0.0.1'),(451,367,'sarana_profil_page','2020-01-02 07:44:55','http://taofikanwart/dev/sudinkesju/administration/profil_sarana','Group Management','127.0.0.1'),(452,367,'sarana_profil_page','2020-01-02 07:45:02','http://taofikanwart/dev/sudinkesju/administration/profil_sarana/ajax_add','Update Master Data Profil','127.0.0.1'),(453,367,'sarana_profil_page','2020-01-02 07:48:01','http://taofikanwart/dev/sudinkesju/administration/profil_sarana','Group Management','127.0.0.1'),(454,367,'sarana_profil_page','2020-01-02 07:55:23','http://taofikanwart/dev/sudinkesju/administration/profil_sarana','Group Management','127.0.0.1'),(455,367,'sarana_profil_page','2020-01-02 07:55:46','http://taofikanwart/dev/sudinkesju/administration/profil_sarana','Group Management','127.0.0.1'),(456,367,'sarana_profil_page','2020-01-02 07:55:56','http://taofikanwart/dev/sudinkesju/administration/profil_sarana/ajax_add','Update Master Data Profil','127.0.0.1'),(457,367,'sarana_profil_page','2020-01-02 07:56:11','http://taofikanwart/dev/sudinkesju/administration/profil_sarana','Group Management','127.0.0.1'),(458,367,'sarana_profil_page','2020-01-02 07:56:54','http://taofikanwart/dev/sudinkesju/administration/profil_sarana','Group Management','127.0.0.1'),(459,367,'sarana_profil_page','2020-01-02 07:57:14','http://taofikanwart/dev/sudinkesju/administration/profil_sarana','Group Management','127.0.0.1'),(460,367,'sarana_profil_page','2020-01-02 07:57:24','http://taofikanwart/dev/sudinkesju/administration/profil_sarana','Group Management','127.0.0.1'),(461,367,'sarana_profil_page','2020-01-02 07:57:34','http://taofikanwart/dev/sudinkesju/administration/profil_sarana','Group Management','127.0.0.1'),(462,367,'sarana_profil_page','2020-01-02 07:57:39','http://taofikanwart/dev/sudinkesju/administration/profil_sarana/ajax_add','Update Master Data Profil','127.0.0.1'),(463,367,'sarana_profil_page','2020-01-02 07:57:45','http://taofikanwart/dev/sudinkesju/administration/profil_sarana/ajax_add','Update Master Data Profil','127.0.0.1'),(464,367,'sarana_profil_page','2020-01-02 07:57:46','http://taofikanwart/dev/sudinkesju/administration/profil_sarana','Group Management','127.0.0.1'),(465,367,'sarana_profil_page','2020-01-02 07:57:50','http://taofikanwart/dev/sudinkesju/administration/profil_sarana/ajax_add','Update Master Data Profil','127.0.0.1'),(466,367,'sarana_profil_page','2020-01-02 07:58:34','http://taofikanwart/dev/sudinkesju/administration/profil_sarana','Group Management','127.0.0.1'),(467,367,'sarana_profil_page','2020-01-02 07:58:40','http://taofikanwart/dev/sudinkesju/administration/profil_sarana/ajax_add','Update Master Data Profil','127.0.0.1'),(468,367,'sarana_profil_page','2020-01-02 07:58:44','http://taofikanwart/dev/sudinkesju/administration/profil_sarana/ajax_add','Update Master Data Profil','127.0.0.1'),(469,367,'sarana_profil_page','2020-01-02 07:58:48','http://taofikanwart/dev/sudinkesju/administration/profil_sarana/ajax_add','Update Master Data Profil','127.0.0.1'),(470,367,'sarana_profil_page','2020-01-02 07:59:19','http://taofikanwart/dev/sudinkesju/administration/profil_sarana','Group Management','127.0.0.1'),(471,367,'sarana_profil_page','2020-01-02 08:08:37','http://taofikanwart/dev/sudinkesju/administration/profil_sarana','Group Management','127.0.0.1'),(472,367,'sarana_profil_page','2020-01-02 08:11:36','http://taofikanwart/dev/sudinkesju/administration/profil_sarana','Group Management','127.0.0.1'),(473,367,'sarana_profil_page','2020-01-02 08:14:19','http://taofikanwart/dev/sudinkesju/administration/profil_sarana','Group Management','127.0.0.1'),(474,367,'sarana_profil_page','2020-01-02 08:14:33','http://taofikanwart/dev/sudinkesju/administration/profil_sarana','Group Management','127.0.0.1'),(475,367,'sarana_profil_page','2020-01-02 08:24:52','http://taofikanwart/dev/sudinkesju/administration/profil_sarana','Group Management','127.0.0.1'),(476,367,'sarana_profil_page','2020-01-02 08:36:35','http://taofikanwart/dev/sudinkesju/administration/profil_sarana','Group Management','127.0.0.1'),(477,367,'member_login','2020-01-03 02:19:40','http://taofikanwart/dev/sudinkesju/auth/login/do_login','Login Success with username : taofikanwar','127.0.0.1'),(478,367,'administration_view','2020-01-03 02:19:40','http://taofikanwart/dev/sudinkesju/administration/dashboard','Administration','127.0.0.1'),(479,367,'sarana_profil_page','2020-01-03 02:19:42','http://taofikanwart/dev/sudinkesju/administration/profil_sarana','Group Management','127.0.0.1'),(480,NULL,'member_login','2020-01-06 03:43:33','http://localhost/dev/sudinkesju/auth/login/do_login','Login attempt failed with username : taofikanwar','::1'),(481,367,'member_login','2020-01-06 03:43:38','http://localhost/dev/sudinkesju/auth/login/do_login','Login Success with username : taofikanwar','::1'),(482,367,'administration_view','2020-01-06 03:43:39','http://localhost/dev/sudinkesju/administration/dashboard','Administration','::1'),(483,367,'sarana_profil_page','2020-01-06 03:43:48','http://localhost/dev/sudinkesju/administration/profil_sarana','Group Management','::1'),(484,367,'sarana_profil_page','2020-01-06 03:50:06','http://localhost/dev/sudinkesju/administration/profil_sarana','Group Management','::1'),(485,367,'sarana_profil_page','2020-01-06 03:57:37','http://localhost/dev/sudinkesju/administration/profil_sarana/ajax_add','Update Master Data Profil','::1'),(486,367,'sarana_profil_page','2020-01-06 03:58:01','http://localhost/dev/sudinkesju/administration/profil_sarana/ajax_add','Simpan Master Data Profil','::1'),(487,367,'sarana_profil_page','2020-01-06 04:05:25','http://localhost/dev/sudinkesju/administration/profil_sarana','Group Management','::1'),(488,367,'sarana_profil_page','2020-01-06 04:05:36','http://localhost/dev/sudinkesju/administration/profil_sarana','Group Management','::1'),(489,367,'sarana_profil_page','2020-01-06 04:06:07','http://localhost/dev/sudinkesju/administration/profil_sarana','Group Management','::1'),(490,367,'sarana_profil_page','2020-01-06 04:06:30','http://localhost/dev/sudinkesju/administration/profil_sarana','Group Management','::1'),(491,367,'sarana_profil_page','2020-01-06 04:08:40','http://localhost/dev/sudinkesju/administration/profil_sarana','Group Management','::1'),(492,367,'sarana_profil_page','2020-01-06 04:10:23','http://localhost/dev/sudinkesju/administration/profil_sarana','Group Management','::1'),(493,367,'sarana_profil_page','2020-01-06 04:10:34','http://localhost/dev/sudinkesju/administration/profil_sarana','Group Management','::1'),(494,367,'sarana_profil_page','2020-01-06 04:14:38','http://localhost/dev/sudinkesju/administration/profil_sarana','Group Management','::1'),(495,367,'sarana_profil_page','2020-01-06 04:14:57','http://localhost/dev/sudinkesju/administration/profil_sarana','Group Management','::1'),(496,367,'sarana_profil_page','2020-01-06 04:15:23','http://localhost/dev/sudinkesju/administration/profil_sarana','Group Management','::1'),(497,367,'sarana_profil_page','2020-01-06 04:15:37','http://localhost/dev/sudinkesju/administration/profil_sarana','Group Management','::1'),(498,367,'sarana_profil_page','2020-01-06 04:15:57','http://localhost/dev/sudinkesju/administration/profil_sarana','Group Management','::1'),(499,367,'sarana_profil_page','2020-01-06 04:16:38','http://localhost/dev/sudinkesju/administration/profil_sarana','Group Management','::1'),(500,367,'sarana_profil_page','2020-01-06 04:17:40','http://localhost/dev/sudinkesju/administration/profil_sarana/ajax_add','Update Master Data Profil','::1'),(501,367,'sarana_profil_page','2020-01-06 04:18:20','http://localhost/dev/sudinkesju/administration/profil_sarana/ajax_add','Simpan Master Data Profil','::1'),(502,367,'sarana_profil_page','2020-01-06 04:30:39','http://localhost/dev/sudinkesju/administration/profil_sarana/ajax_add','Update Master Data Profil','::1'),(503,367,'sarana_profil_page','2020-01-06 04:30:48','http://localhost/dev/sudinkesju/administration/profil_sarana/ajax_add','Update Master Data Profil','::1'),(504,367,'sarana_profil_page','2020-01-06 04:35:25','http://localhost/dev/sudinkesju/administration/profil_sarana/ajax_add','Simpan Master Data Profil','::1'),(505,367,'sarana_profil_page','2020-01-06 04:35:35','http://localhost/dev/sudinkesju/administration/profil_sarana/ajax_add','Update Master Data Profil','::1'),(506,367,'sarana_profil_page','2020-01-06 04:39:49','http://localhost/dev/sudinkesju/administration/profil_sarana/ajax_add','Update Master Data Profil','::1'),(507,367,'sarana_profil_page','2020-01-06 04:39:58','http://localhost/dev/sudinkesju/administration/profil_sarana/ajax_add','Update Master Data Profil','::1'),(508,367,'sarana_profil_page','2020-01-06 04:40:06','http://localhost/dev/sudinkesju/administration/profil_sarana/ajax_add','Update Master Data Profil','::1'),(509,367,'sarana_profil_page','2020-01-06 06:38:53','http://localhost/dev/sudinkesju/administration/profil_sarana/ajax_add','Update Master Data Profil','::1'),(510,367,'sarana_profil_page','2020-01-06 06:39:11','http://localhost/dev/sudinkesju/administration/profil_sarana/ajax_add','Simpan Master Data Profil','::1'),(511,367,'sarana_profil_page','2020-01-06 06:39:14','http://localhost/dev/sudinkesju/administration/profil_sarana','Group Management','::1'),(512,367,'sarana_profil_page','2020-01-06 06:40:00','http://localhost/dev/sudinkesju/administration/profil_sarana','Group Management','::1'),(513,367,'sarana_profil_page','2020-01-06 06:40:40','http://localhost/dev/sudinkesju/administration/profil_sarana/ajax_add_perizinan','Update Master Data Profil','::1'),(514,367,'sarana_profil_page','2020-01-06 06:40:54','http://localhost/dev/sudinkesju/administration/profil_sarana','Group Management','::1'),(515,367,'sarana_profil_page','2020-01-06 06:41:02','http://localhost/dev/sudinkesju/administration/profil_sarana/ajax_add_perizinan','Update Master Data Profil','::1'),(516,367,'sarana_profil_page','2020-01-06 06:41:05','http://localhost/dev/sudinkesju/administration/profil_sarana','Group Management','::1'),(517,367,'sarana_profil_page','2020-01-06 07:18:13','http://localhost/dev/sudinkesju/administration/profil_sarana/ajax_add_perizinan','Update Master Data Profil','::1'),(518,367,'sarana_profil_page','2020-01-06 08:02:45','http://localhost/dev/sudinkesju/administration/profil_sarana','Group Management','::1'),(519,367,'sarana_profil_page','2020-01-06 08:03:22','http://localhost/dev/sudinkesju/administration/profil_sarana','Group Management','::1'),(520,367,'sarana_profil_page','2020-01-06 08:03:54','http://localhost/dev/sudinkesju/administration/profil_sarana','Group Management','::1'),(521,367,'sarana_profil_page','2020-01-06 08:04:13','http://localhost/dev/sudinkesju/administration/profil_sarana/ajax_add_perizinan','Simpan Master Data Profil','::1'),(522,367,'sarana_profil_page','2020-01-06 08:04:18','http://localhost/dev/sudinkesju/administration/profil_sarana','Group Management','::1'),(523,367,'sarana_profil_page','2020-01-06 08:05:57','http://localhost/dev/sudinkesju/administration/profil_sarana','Group Management','::1'),(524,367,'sarana_profil_page','2020-01-06 08:06:20','http://localhost/dev/sudinkesju/administration/profil_sarana','Group Management','::1'),(525,367,'sarana_profil_page','2020-01-06 08:07:09','http://localhost/dev/sudinkesju/administration/profil_sarana','Group Management','::1'),(526,367,'sarana_profil_page','2020-01-06 08:08:46','http://localhost/dev/sudinkesju/administration/profil_sarana','Group Management','::1'),(527,367,'sarana_profil_page','2020-01-06 08:08:55','http://localhost/dev/sudinkesju/administration/profil_sarana/ajax_add_perizinan','Update Master Data Profil','::1'),(528,367,'sarana_profil_page','2020-01-06 08:09:00','http://localhost/dev/sudinkesju/administration/profil_sarana','Group Management','::1'),(529,367,'sarana_profil_page','2020-01-06 08:09:12','http://localhost/dev/sudinkesju/administration/profil_sarana/ajax_add_perizinan','Update Master Data Profil','::1'),(530,367,'sarana_profil_page','2020-01-06 08:09:15','http://localhost/dev/sudinkesju/administration/profil_sarana','Group Management','::1'),(531,367,'sarana_profil_page','2020-01-06 08:12:02','http://localhost/dev/sudinkesju/administration/profil_sarana','Group Management','::1'),(532,367,'sarana_profil_page','2020-01-06 08:12:45','http://localhost/dev/sudinkesju/administration/profil_sarana','Group Management','::1'),(533,367,'sarana_profil_page','2020-01-06 08:12:58','http://localhost/dev/sudinkesju/administration/profil_sarana','Group Management','::1'),(534,367,'sarana_profil_page','2020-01-06 08:13:31','http://localhost/dev/sudinkesju/administration/profil_sarana','Group Management','::1'),(535,367,'sarana_profil_page','2020-01-06 08:14:14','http://localhost/dev/sudinkesju/administration/profil_sarana','Group Management','::1'),(536,367,'sarana_profil_page','2020-01-06 08:14:35','http://localhost/dev/sudinkesju/administration/profil_sarana','Group Management','::1'),(537,367,'sarana_profil_page','2020-01-06 08:15:23','http://localhost/dev/sudinkesju/administration/profil_sarana','Group Management','::1'),(538,367,'sarana_profil_page','2020-01-06 08:15:47','http://localhost/dev/sudinkesju/administration/profil_sarana','Group Management','::1'),(539,367,'sarana_profil_page','2020-01-06 08:16:11','http://localhost/dev/sudinkesju/administration/profil_sarana','Group Management','::1'),(540,367,'sarana_profil_page','2020-01-06 08:16:29','http://localhost/dev/sudinkesju/administration/profil_sarana','Group Management','::1'),(541,367,'sarana_profil_page','2020-01-06 08:16:40','http://localhost/dev/sudinkesju/administration/profil_sarana','Group Management','::1'),(542,367,'sarana_profil_page','2020-01-06 08:17:29','http://localhost/dev/sudinkesju/administration/profil_sarana','Group Management','::1'),(543,367,'sarana_profil_page','2020-01-06 08:32:17','http://localhost/dev/sudinkesju/administration/profil_sarana','Group Management','::1'),(544,367,'sarana_profil_page','2020-01-06 08:33:53','http://localhost/dev/sudinkesju/administration/profil_sarana','Group Management','::1'),(545,367,'sarana_profil_page','2020-01-06 08:34:01','http://localhost/dev/sudinkesju/administration/profil_sarana/ajax_add_layanan','Simpan Master Data Layanan','::1'),(546,367,'sarana_profil_page','2020-01-06 08:34:48','http://localhost/dev/sudinkesju/administration/profil_sarana','Group Management','::1'),(547,367,'sarana_profil_page','2020-01-06 08:34:54','http://localhost/dev/sudinkesju/administration/profil_sarana/ajax_add_layanan','Simpan Master Data Layanan','::1'),(548,367,'sarana_profil_page','2020-01-06 08:53:17','http://localhost/dev/sudinkesju/administration/profil_sarana','Group Management','::1'),(549,367,'sarana_profil_page','2020-01-06 08:54:01','http://localhost/dev/sudinkesju/administration/profil_sarana','Group Management','::1'),(550,367,'sarana_profil_page','2020-01-06 08:54:15','http://localhost/dev/sudinkesju/administration/profil_sarana','Group Management','::1'),(551,367,'sarana_profil_page','2020-01-06 08:54:46','http://localhost/dev/sudinkesju/administration/profil_sarana','Group Management','::1'),(552,367,'sarana_profil_page','2020-01-06 08:54:53','http://localhost/dev/sudinkesju/administration/profil_sarana','Group Management','::1'),(553,367,'sarana_profil_page','2020-01-06 08:54:59','http://localhost/dev/sudinkesju/administration/profil_sarana','Group Management','::1'),(554,367,'sarana_profil_page','2020-01-06 08:55:14','http://localhost/dev/sudinkesju/administration/profil_sarana','Group Management','::1'),(555,367,'sarana_profil_page','2020-01-06 08:55:46','http://localhost/dev/sudinkesju/administration/profil_sarana','Group Management','::1'),(556,367,'sarana_profil_page','2020-01-06 08:55:59','http://localhost/dev/sudinkesju/administration/profil_sarana','Group Management','::1'),(557,367,'member_login','2020-01-07 00:45:58','http://localhost/dev/sudinkesju/auth/login/do_login','Login Success with username : taofikanwar','::1'),(558,367,'administration_view','2020-01-07 00:45:59','http://localhost/dev/sudinkesju/administration/dashboard','Administration','::1'),(559,367,'sarana_profil_page','2020-01-07 00:46:10','http://localhost/dev/sudinkesju/administration/profil_sarana','Group Management','::1'),(560,367,'administration_view','2020-01-07 00:46:12','http://localhost/dev/sudinkesju/administration/dashboard','Administration','::1'),(561,367,'administration_view','2020-01-07 00:46:21','http://localhost/dev/sudinkesju/administration/dashboard','Administration','::1'),(562,367,'sarana_profil_page','2020-01-07 00:49:59','http://localhost/dev/sudinkesju/administration/profil_sarana','Group Management','::1'),(563,367,'sarana_profil_page','2020-01-07 01:25:33','http://localhost/dev/sudinkesju/administration/profil_sarana','Group Management','::1'),(564,367,'sarana_profil_page','2020-01-07 01:27:09','http://localhost/dev/sudinkesju/administration/profil_sarana','Group Management','::1'),(565,367,'sarana_profil_page','2020-01-07 01:27:18','http://localhost/dev/sudinkesju/administration/profil_sarana','Group Management','::1'),(566,367,'sarana_profil_page','2020-01-07 01:27:36','http://localhost/dev/sudinkesju/administration/profil_sarana','Group Management','::1'),(567,367,'sarana_profil_page','2020-01-07 01:28:09','http://localhost/dev/sudinkesju/administration/profil_sarana','Group Management','::1'),(568,367,'sarana_profil_page','2020-01-07 01:28:19','http://localhost/dev/sudinkesju/administration/profil_sarana','Group Management','::1'),(569,367,'sarana_profil_page','2020-01-07 01:28:43','http://localhost/dev/sudinkesju/administration/profil_sarana','Group Management','::1'),(570,367,'sarana_profil_page','2020-01-07 01:29:08','http://localhost/dev/sudinkesju/administration/profil_sarana','Group Management','::1'),(571,367,'sarana_profil_page','2020-01-07 01:36:00','http://localhost/dev/sudinkesju/administration/profil_sarana/ajax_add_layanan','Simpan Master Data Layanan','::1'),(572,367,'sarana_profil_page','2020-01-07 01:36:32','http://localhost/dev/sudinkesju/administration/profil_sarana','Group Management','::1'),(573,367,'sarana_profil_page','2020-01-07 01:36:40','http://localhost/dev/sudinkesju/administration/profil_sarana/ajax_add_layanan','Simpan Master Data Layanan','::1'),(574,367,'sarana_profil_page','2020-01-07 01:37:45','http://localhost/dev/sudinkesju/administration/profil_sarana','Group Management','::1'),(575,367,'sarana_profil_page','2020-01-07 01:37:52','http://localhost/dev/sudinkesju/administration/profil_sarana/ajax_add_layanan','Simpan Master Data Layanan','::1'),(576,367,'sarana_profil_page','2020-01-07 01:41:44','http://localhost/dev/sudinkesju/administration/profil_sarana','Group Management','::1'),(577,367,'sarana_profil_page','2020-01-07 01:41:49','http://localhost/dev/sudinkesju/administration/profil_sarana/ajax_delete_layanan/5','Hapus Profil Pelayanan','::1'),(578,367,'sarana_profil_page','2020-01-07 01:41:52','http://localhost/dev/sudinkesju/administration/profil_sarana/ajax_delete_layanan/3','Hapus Profil Pelayanan','::1'),(579,367,'sarana_profil_page','2020-01-07 02:05:56','http://localhost/dev/sudinkesju/administration/profil_sarana','Group Management','::1'),(580,367,'sarana_profil_page','2020-01-07 02:06:16','http://localhost/dev/sudinkesju/administration/profil_sarana','Group Management','::1'),(581,367,'sarana_profil_page','2020-01-07 02:06:27','http://localhost/dev/sudinkesju/administration/profil_sarana','Group Management','::1'),(582,367,'sarana_profil_page','2020-01-07 02:07:35','http://localhost/dev/sudinkesju/administration/profil_sarana','Group Management','::1'),(583,367,'sarana_profil_page','2020-01-07 02:08:38','http://localhost/dev/sudinkesju/administration/profil_sarana','Group Management','::1'),(584,367,'sarana_profil_page','2020-01-07 02:10:11','http://localhost/dev/sudinkesju/administration/profil_sarana','Group Management','::1'),(585,367,'sarana_profil_page','2020-01-07 02:10:25','http://localhost/dev/sudinkesju/administration/profil_sarana','Group Management','::1'),(586,367,'sarana_profil_page','2020-01-07 02:19:01','http://localhost/dev/sudinkesju/administration/profil_sarana','Group Management','::1'),(587,367,'sarana_profil_page','2020-01-07 02:32:58','http://localhost/dev/sudinkesju/administration/profil_sarana','Group Management','::1'),(588,367,'sarana_profil_page','2020-01-07 02:39:26','http://localhost/dev/sudinkesju/administration/profil_sarana','Group Management','::1'),(589,367,'sarana_profil_page','2020-01-07 02:53:53','http://localhost/dev/sudinkesju/administration/profil_sarana','Group Management','::1'),(590,367,'sarana_profil_page','2020-01-07 02:54:08','http://localhost/dev/sudinkesju/administration/profil_sarana','Group Management','::1'),(591,367,'sarana_profil_page','2020-01-07 03:03:22','http://localhost/dev/sudinkesju/administration/profil_sarana','Group Management','::1'),(592,367,'sarana_profil_page','2020-01-07 03:11:52','http://localhost/dev/sudinkesju/administration/profil_sarana','Group Management','::1'),(593,367,'sarana_profil_page','2020-01-07 03:13:44','http://localhost/dev/sudinkesju/administration/profil_sarana','Group Management','::1'),(594,367,'sarana_profil_page','2020-01-07 03:14:10','http://localhost/dev/sudinkesju/administration/profil_sarana','Group Management','::1'),(595,367,'sarana_profil_page','2020-01-07 03:14:24','http://localhost/dev/sudinkesju/administration/profil_sarana','Group Management','::1'),(596,367,'sarana_profil_page','2020-01-07 03:18:21','http://localhost/dev/sudinkesju/administration/profil_sarana','Group Management','::1'),(597,367,'sarana_profil_page','2020-01-07 03:19:19','http://localhost/dev/sudinkesju/administration/profil_sarana','Group Management','::1'),(598,367,'sarana_profil_page','2020-01-07 03:23:40','http://localhost/dev/sudinkesju/administration/profil_sarana','Group Management','::1'),(599,367,'sarana_profil_page','2020-01-07 03:27:01','http://localhost/dev/sudinkesju/administration/profil_sarana','Group Management','::1'),(600,367,'sarana_profil_page','2020-01-07 03:27:25','http://localhost/dev/sudinkesju/administration/profil_sarana','Group Management','::1'),(601,367,'sarana_profil_page','2020-01-07 03:36:17','http://localhost/dev/sudinkesju/administration/profil_sarana','Group Management','::1'),(602,367,'sarana_profil_page','2020-01-07 03:36:56','http://localhost/dev/sudinkesju/administration/profil_sarana','Group Management','::1'),(603,367,'sarana_profil_page','2020-01-07 03:38:19','http://localhost/dev/sudinkesju/administration/profil_sarana','Group Management','::1'),(604,367,'sarana_profil_page','2020-01-07 03:49:24','http://localhost/dev/sudinkesju/administration/profil_sarana','Group Management','::1'),(605,367,'sarana_profil_page','2020-01-07 03:50:07','http://localhost/dev/sudinkesju/administration/profil_sarana','Group Management','::1'),(606,367,'sarana_profil_page','2020-01-07 03:54:20','http://localhost/dev/sudinkesju/administration/profil_sarana','Group Management','::1'),(607,367,'sarana_profil_page','2020-01-07 03:54:40','http://localhost/dev/sudinkesju/administration/profil_sarana','Group Management','::1'),(608,367,'sarana_profil_page','2020-01-07 03:54:56','http://localhost/dev/sudinkesju/administration/profil_sarana','Group Management','::1'),(609,367,'sarana_profil_page','2020-01-07 04:00:18','http://localhost/dev/sudinkesju/administration/profil_sarana','Group Management','::1'),(610,367,'sarana_profil_page','2020-01-07 04:01:09','http://localhost/dev/sudinkesju/administration/profil_sarana','Group Management','::1'),(611,367,'sarana_profil_page','2020-01-07 04:01:22','http://localhost/dev/sudinkesju/administration/profil_sarana','Group Management','::1'),(612,367,'sarana_profil_page','2020-01-07 04:01:53','http://localhost/dev/sudinkesju/administration/profil_sarana','Group Management','::1'),(613,367,'sarana_profil_page','2020-01-07 04:02:23','http://localhost/dev/sudinkesju/administration/profil_sarana','Group Management','::1'),(614,367,'sarana_profil_page','2020-01-07 04:03:00','http://localhost/dev/sudinkesju/administration/profil_sarana','Group Management','::1'),(615,367,'sarana_profil_page','2020-01-07 04:03:19','http://localhost/dev/sudinkesju/administration/profil_sarana','Group Management','::1'),(616,367,'sarana_profil_page','2020-01-07 04:03:36','http://localhost/dev/sudinkesju/administration/profil_sarana','Group Management','::1'),(617,367,'sarana_profil_page','2020-01-07 04:03:51','http://localhost/dev/sudinkesju/administration/profil_sarana','Group Management','::1'),(618,367,'sarana_profil_page','2020-01-07 04:04:28','http://localhost/dev/sudinkesju/administration/profil_sarana','Group Management','::1'),(619,367,'sarana_profil_page','2020-01-07 04:05:05','http://localhost/dev/sudinkesju/administration/profil_sarana','Group Management','::1'),(620,367,'sarana_profil_page','2020-01-07 04:05:26','http://localhost/dev/sudinkesju/administration/profil_sarana','Group Management','::1'),(621,367,'sarana_profil_page','2020-01-07 04:05:41','http://localhost/dev/sudinkesju/administration/profil_sarana','Group Management','::1'),(622,367,'sarana_profil_page','2020-01-07 04:06:00','http://localhost/dev/sudinkesju/administration/profil_sarana','Group Management','::1'),(623,367,'sarana_profil_page','2020-01-07 04:29:37','http://localhost/dev/sudinkesju/administration/profil_sarana','Group Management','::1'),(624,367,'sarana_profil_page','2020-01-07 04:30:07','http://localhost/dev/sudinkesju/administration/profil_sarana','Group Management','::1'),(625,367,'sarana_profil_page','2020-01-07 04:34:24','http://localhost/dev/sudinkesju/administration/profil_sarana','Group Management','::1'),(626,367,'sarana_profil_page','2020-01-07 05:01:53','http://localhost/dev/sudinkesju/administration/profil_sarana','Group Management','::1'),(627,367,'sarana_profil_page','2020-01-07 05:03:30','http://localhost/dev/sudinkesju/administration/profil_sarana','Group Management','::1'),(628,367,'sarana_profil_page','2020-01-07 05:03:46','http://localhost/dev/sudinkesju/administration/profil_sarana/ajax_autosave','Simpan Data Tempat Tidur','::1'),(629,367,'sarana_profil_page','2020-01-07 05:03:53','http://localhost/dev/sudinkesju/administration/profil_sarana/ajax_autosave','Simpan Data Tempat Tidur','::1'),(630,367,'sarana_profil_page','2020-01-07 05:04:50','http://localhost/dev/sudinkesju/administration/profil_sarana/ajax_autosave','Simpan Data Tempat Tidur','::1'),(631,367,'sarana_profil_page','2020-01-07 05:05:42','http://localhost/dev/sudinkesju/administration/profil_sarana','Group Management','::1'),(632,367,'sarana_profil_page','2020-01-07 05:06:34','http://localhost/dev/sudinkesju/administration/profil_sarana/ajax_autosave','Simpan Data Tempat Tidur','::1'),(633,367,'sarana_profil_page','2020-01-07 05:06:55','http://localhost/dev/sudinkesju/administration/profil_sarana/ajax_autosave','Simpan Data Tempat Tidur','::1'),(634,367,'sarana_profil_page','2020-01-07 05:07:06','http://localhost/dev/sudinkesju/administration/profil_sarana/ajax_autosave','Simpan Data Tempat Tidur','::1'),(635,367,'sarana_profil_page','2020-01-07 05:07:21','http://localhost/dev/sudinkesju/administration/profil_sarana','Group Management','::1'),(636,367,'sarana_profil_page','2020-01-07 05:07:24','http://localhost/dev/sudinkesju/administration/profil_sarana/ajax_autosave','Simpan Data Tempat Tidur','::1'),(637,367,'sarana_profil_page','2020-01-07 05:07:27','http://localhost/dev/sudinkesju/administration/profil_sarana/ajax_autosave','Simpan Data Tempat Tidur','::1'),(638,367,'sarana_profil_page','2020-01-07 05:07:40','http://localhost/dev/sudinkesju/administration/profil_sarana/ajax_autosave','Simpan Data Tempat Tidur','::1'),(639,367,'sarana_profil_page','2020-01-07 05:07:41','http://localhost/dev/sudinkesju/administration/profil_sarana/ajax_autosave','Simpan Data Tempat Tidur','::1'),(640,367,'sarana_profil_page','2020-01-07 05:07:43','http://localhost/dev/sudinkesju/administration/profil_sarana/ajax_autosave','Simpan Data Tempat Tidur','::1'),(641,367,'sarana_profil_page','2020-01-07 05:07:52','http://localhost/dev/sudinkesju/administration/profil_sarana/ajax_autosave','Simpan Data Tempat Tidur','::1'),(642,367,'sarana_profil_page','2020-01-07 05:07:54','http://localhost/dev/sudinkesju/administration/profil_sarana/ajax_autosave','Simpan Data Tempat Tidur','::1'),(643,367,'sarana_profil_page','2020-01-07 05:07:55','http://localhost/dev/sudinkesju/administration/profil_sarana/ajax_autosave','Simpan Data Tempat Tidur','::1'),(644,367,'sarana_profil_page','2020-01-07 05:07:56','http://localhost/dev/sudinkesju/administration/profil_sarana/ajax_autosave','Simpan Data Tempat Tidur','::1'),(645,367,'sarana_profil_page','2020-01-07 05:08:20','http://localhost/dev/sudinkesju/administration/profil_sarana','Group Management','::1'),(646,367,'sarana_profil_page','2020-01-07 06:18:08','http://localhost/dev/sudinkesju/administration/profil_sarana','Group Management','::1'),(647,367,'sarana_profil_page','2020-01-07 06:19:11','http://localhost/dev/sudinkesju/administration/profil_sarana','Group Management','::1'),(648,367,'config_menus_page','2020-01-07 06:19:30','http://localhost/dev/sudinkesju/administration/config_menu','Konfigurasi Menu','::1'),(649,367,'Config_group_page','2020-01-07 06:20:25','http://localhost/dev/sudinkesju/administration/config_group','Group Management','::1'),(650,367,'Config_group_page','2020-01-07 06:20:33','http://localhost/dev/sudinkesju/administration/config_group/do_update_group','Success to update group with group_id = \'1\'.','::1'),(651,367,'Config_group_page','2020-01-07 06:20:36','http://localhost/dev/sudinkesju/administration/config_group','Group Management','::1'),(652,367,'Config_group_page','2020-01-07 06:20:41','http://localhost/dev/sudinkesju/administration/config_group','Group Management','::1');
/*!40000 ALTER TABLE `aauth_userslog` ENABLE KEYS */;
UNLOCK TABLES;

--
-- Table structure for table `blog_categories`
--

DROP TABLE IF EXISTS `blog_categories`;
/*!40101 SET @saved_cs_client     = @@character_set_client */;
/*!40101 SET character_set_client = utf8 */;
CREATE TABLE `blog_categories` (
  `idcategory` int(10) unsigned NOT NULL,
  `title` varchar(80) CHARACTER SET utf8 COLLATE utf8_bin NOT NULL,
  `description` varchar(255) CHARACTER SET utf8 COLLATE utf8_bin NOT NULL,
  `add_date` timestamp NOT NULL DEFAULT CURRENT_TIMESTAMP
) ENGINE=InnoDB DEFAULT CHARSET=utf8mb4;
/*!40101 SET character_set_client = @saved_cs_client */;

--
-- Dumping data for table `blog_categories`
--

LOCK TABLES `blog_categories` WRITE;
/*!40000 ALTER TABLE `blog_categories` DISABLE KEYS */;
/*!40000 ALTER TABLE `blog_categories` ENABLE KEYS */;
UNLOCK TABLES;

--
-- Table structure for table `blog_posts`
--

DROP TABLE IF EXISTS `blog_posts`;
/*!40101 SET @saved_cs_client     = @@character_set_client */;
/*!40101 SET character_set_client = utf8 */;
CREATE TABLE `blog_posts` (
  `idpost` int(10) unsigned NOT NULL AUTO_INCREMENT,
  `iduser` int(10) unsigned NOT NULL,
  `title` varchar(255) CHARACTER SET utf8 COLLATE utf8_bin NOT NULL,
  `body` text CHARACTER SET utf8 COLLATE utf8_bin NOT NULL,
  `image` varchar(255) CHARACTER SET utf8 COLLATE utf8_bin NOT NULL,
  `kategori` int(3) NOT NULL,
  `tag` int(3) NOT NULL,
  `add_date` timestamp NOT NULL DEFAULT CURRENT_TIMESTAMP,
  `added_by` varchar(50) NOT NULL,
  PRIMARY KEY (`idpost`)
) ENGINE=InnoDB DEFAULT CHARSET=utf8mb4;
/*!40101 SET character_set_client = @saved_cs_client */;

--
-- Dumping data for table `blog_posts`
--

LOCK TABLES `blog_posts` WRITE;
/*!40000 ALTER TABLE `blog_posts` DISABLE KEYS */;
/*!40000 ALTER TABLE `blog_posts` ENABLE KEYS */;
UNLOCK TABLES;

--
-- Table structure for table `blog_tags`
--

DROP TABLE IF EXISTS `blog_tags`;
/*!40101 SET @saved_cs_client     = @@character_set_client */;
/*!40101 SET character_set_client = utf8 */;
CREATE TABLE `blog_tags` (
  `idtag` int(10) unsigned NOT NULL,
  `title` varchar(255) CHARACTER SET utf8 COLLATE utf8_bin NOT NULL,
  `add_date` timestamp NOT NULL DEFAULT CURRENT_TIMESTAMP
) ENGINE=InnoDB DEFAULT CHARSET=utf8mb4;
/*!40101 SET character_set_client = @saved_cs_client */;

--
-- Dumping data for table `blog_tags`
--

LOCK TABLES `blog_tags` WRITE;
/*!40000 ALTER TABLE `blog_tags` DISABLE KEYS */;
/*!40000 ALTER TABLE `blog_tags` ENABLE KEYS */;
UNLOCK TABLES;

--
-- Table structure for table `frm_layanan`
--

DROP TABLE IF EXISTS `frm_layanan`;
/*!40101 SET @saved_cs_client     = @@character_set_client */;
/*!40101 SET character_set_client = utf8 */;
CREATE TABLE `frm_layanan` (
  `id` int(11) NOT NULL AUTO_INCREMENT,
  `id_sarana` varchar(50) NOT NULL,
  `layanan` varchar(100) NOT NULL,
  PRIMARY KEY (`id`)
) ENGINE=InnoDB AUTO_INCREMENT=7 DEFAULT CHARSET=latin1;
/*!40101 SET character_set_client = @saved_cs_client */;

--
-- Dumping data for table `frm_layanan`
--

LOCK TABLES `frm_layanan` WRITE;
/*!40000 ALTER TABLE `frm_layanan` DISABLE KEYS */;
INSERT INTO `frm_layanan` VALUES (4,'1','Poli Gigi'),(6,'1','Poli Lansia');
/*!40000 ALTER TABLE `frm_layanan` ENABLE KEYS */;
UNLOCK TABLES;

--
-- Table structure for table `frm_perizinan`
--

DROP TABLE IF EXISTS `frm_perizinan`;
/*!40101 SET @saved_cs_client     = @@character_set_client */;
/*!40101 SET character_set_client = utf8 */;
CREATE TABLE `frm_perizinan` (
  `id_sarana` varchar(50) NOT NULL,
  `no_surat_izin` varchar(100) NOT NULL,
  `masa_berlaku_izin` date NOT NULL,
  `status_akre` varchar(50) NOT NULL,
  `no_sertifikat_akre` varchar(50) NOT NULL,
  `masa_berlaku_akre` date NOT NULL,
  PRIMARY KEY (`id_sarana`)
) ENGINE=InnoDB DEFAULT CHARSET=latin1;
/*!40101 SET character_set_client = @saved_cs_client */;

--
-- Dumping data for table `frm_perizinan`
--

LOCK TABLES `frm_perizinan` WRITE;
/*!40000 ALTER TABLE `frm_perizinan` DISABLE KEYS */;
INSERT INTO `frm_perizinan` VALUES ('1','123','2020-01-01','paripurna','1111','2020-01-31');
/*!40000 ALTER TABLE `frm_perizinan` ENABLE KEYS */;
UNLOCK TABLES;

--
-- Table structure for table `frm_profil`
--

DROP TABLE IF EXISTS `frm_profil`;
/*!40101 SET @saved_cs_client     = @@character_set_client */;
/*!40101 SET character_set_client = utf8 */;
CREATE TABLE `frm_profil` (
  `id_sarana` varchar(20) NOT NULL,
  `direktur` varchar(100) DEFAULT NULL,
  `jenis` varchar(100) DEFAULT NULL,
  `kelas` varchar(50) DEFAULT NULL,
  `kepemilikan` varchar(100) DEFAULT NULL,
  `penyelenggara` varchar(100) DEFAULT NULL,
  `alamat` varchar(200) DEFAULT NULL,
  `kota` varchar(20) DEFAULT NULL,
  `luas_tanah` varchar(10) DEFAULT NULL,
  `luas_bangunan` varchar(10) DEFAULT NULL,
  `telp` varchar(20) DEFAULT NULL,
  `email` varchar(50) DEFAULT NULL,
  `web` varchar(50) DEFAULT NULL,
  PRIMARY KEY (`id_sarana`)
) ENGINE=InnoDB DEFAULT CHARSET=latin1;
/*!40101 SET character_set_client = @saved_cs_client */;

--
-- Dumping data for table `frm_profil`
--

LOCK TABLES `frm_profil` WRITE;
/*!40000 ALTER TABLE `frm_profil` DISABLE KEYS */;
INSERT INTO `frm_profil` VALUES ('1','direktur',NULL,'A','pempus','pusats','alamatna','Jakarta  Utara','123','456','0812','email@mail.com','web.web.id');
/*!40000 ALTER TABLE `frm_profil` ENABLE KEYS */;
UNLOCK TABLES;

--
-- Table structure for table `frm_tempattidur`
--

DROP TABLE IF EXISTS `frm_tempattidur`;
/*!40101 SET @saved_cs_client     = @@character_set_client */;
/*!40101 SET character_set_client = utf8 */;
CREATE TABLE `frm_tempattidur` (
  `id` int(11) NOT NULL AUTO_INCREMENT,
  `id_sarana` varchar(50) NOT NULL,
  `kelas` int(50) NOT NULL,
  `jumlah` int(4) NOT NULL,
  PRIMARY KEY (`id`)
) ENGINE=InnoDB AUTO_INCREMENT=7 DEFAULT CHARSET=latin1;
/*!40101 SET character_set_client = @saved_cs_client */;

--
-- Dumping data for table `frm_tempattidur`
--

LOCK TABLES `frm_tempattidur` WRITE;
/*!40000 ALTER TABLE `frm_tempattidur` DISABLE KEYS */;
INSERT INTO `frm_tempattidur` VALUES (1,'1',1,1),(3,'1',2,2),(4,'1',3,3),(5,'1',4,4),(6,'1',5,5);
/*!40000 ALTER TABLE `frm_tempattidur` ENABLE KEYS */;
UNLOCK TABLES;

--
-- Table structure for table `m_agama`
--

DROP TABLE IF EXISTS `m_agama`;
/*!40101 SET @saved_cs_client     = @@character_set_client */;
/*!40101 SET character_set_client = utf8 */;
CREATE TABLE `m_agama` (
  `id_agama` int(11) NOT NULL AUTO_INCREMENT,
  `nama_agama` varchar(50) NOT NULL,
  PRIMARY KEY (`id_agama`)
) ENGINE=InnoDB AUTO_INCREMENT=13 DEFAULT CHARSET=latin1;
/*!40101 SET character_set_client = @saved_cs_client */;

--
-- Dumping data for table `m_agama`
--

LOCK TABLES `m_agama` WRITE;
/*!40000 ALTER TABLE `m_agama` DISABLE KEYS */;
INSERT INTO `m_agama` VALUES (7,'Islam'),(8,'Kristen Protestan'),(9,'Katholik'),(10,'Hindu'),(11,'Budha'),(12,'Kong Hu Cu');
/*!40000 ALTER TABLE `m_agama` ENABLE KEYS */;
UNLOCK TABLES;

--
-- Table structure for table `m_bagian`
--

DROP TABLE IF EXISTS `m_bagian`;
/*!40101 SET @saved_cs_client     = @@character_set_client */;
/*!40101 SET character_set_client = utf8 */;
CREATE TABLE `m_bagian` (
  `bagian_id` int(11) NOT NULL AUTO_INCREMENT,
  `bagian_nama` varchar(100) NOT NULL,
  `kordinator_id` int(11) DEFAULT NULL,
  `pj_cuti` int(11) DEFAULT NULL,
  `id_honorshift` int(11) NOT NULL,
  `id_ukpd` int(11) NOT NULL,
  PRIMARY KEY (`bagian_id`)
) ENGINE=InnoDB AUTO_INCREMENT=89 DEFAULT CHARSET=latin1;
/*!40101 SET character_set_client = @saved_cs_client */;

--
-- Dumping data for table `m_bagian`
--

LOCK TABLES `m_bagian` WRITE;
/*!40000 ALTER TABLE `m_bagian` DISABLE KEYS */;
INSERT INTO `m_bagian` VALUES (31,'Staf Tata Usaha Puskesmas Kecamatan Pademangan',385,385,3,2),(32,'Staf Tata Usaha Puskesmas Kelurahan Ancol',346,346,3,2),(33,'Staf Tata Usaha Puskesmas Kelurahan Pademangan Barat I',387,387,3,2),(34,'Staf Tata Usaha Puskesmas Kelurahan Pademangan Barat II',347,347,3,2),(35,'Dokter Umum Pagi Puskesmas Kecamatan Pademangan',344,344,1,2),(36,'Perawat Pagi Puskesmas Kecamatan Pademangan',344,344,2,2),(37,'Perawat Gigi Puskesmas Kecamatan Pademangan',344,344,2,2),(38,'Perawat KPLDH Puskesmas Kecamatan Pademangan',343,343,2,2),(39,'Bidan KPLDH Puskesmas Kecamatan Pademangan',343,343,2,2),(40,'Dokter KPLDH Puskesmas Kecamatan Pademangan',343,343,1,2),(41,'Laboratorium Puskesmas Kecamatan Pademangan',344,344,2,2),(42,'Dokter Umum Poli Layanan 24 Jam Puskesmas Kecamatan Pademangan',344,344,1,2),(43,'Perawat Poli Layanan 24 Jam Puskesmas Kecamatan Pademangan',344,344,2,2),(45,'Dokter Gigi Puskesmas Kecamatan Pademangan',344,344,1,2),(46,'Driver Puskesmas Kecamatan Pademangan',385,342,3,2),(47,'Bidan Puskesmas Kecamatan Pademangan',344,344,2,2),(48,'Kesling Puskesmas Kecamatan Pademangan',343,343,2,2),(49,'Surveilans Puskesmas Kecamatan Pademangan',343,343,2,2),(50,'Dokter Umum Puskesmas Kelurahan Ancol',346,346,1,2),(51,'Dokter Umum Puskesmas Kelurahan Pademangan Barat I',387,387,1,2),(52,'Dokter Umum Puskesmas Kelurahan Pademangan Barat II',347,347,1,2),(53,'Dokter Gigi Puskesmas Kelurahan Ancol',346,346,1,2),(54,'Dokter Gigi Puskesmas Kelurahan Pademangan Barat I',387,387,1,2),(55,'Dokter Gigi Puskesmas Kelurahan Pademangan Barat II',347,347,1,2),(56,'Perawat Puskesmas Kelurahan Ancol',346,346,2,2),(57,'Perawat Puskesmas Kelurahan Pademangan Barat I',387,387,2,2),(58,'Perawat Puskesmas Kelurahan Pademangan Barat II',347,347,2,2),(59,'Perawat Gigi Puskesmas Kelurahan Ancol',346,346,2,2),(60,'Perawat Gigi Puskesmas Kelurahan Pademangan Barat I',387,387,2,2),(61,'Perawat Gigi Puskesmas Kelurahan Pademangan Barat II',347,347,2,2),(62,'Bidan Puskesmas Kelurahan Ancol',346,346,2,2),(63,'Bidan Puskesmas Kelurahan Pademangan Barat I',387,387,2,2),(64,'Bidan Puskesmas Kelurahan Pademangan Barat II',347,347,2,2),(65,'Perawat KPLDH Puskesmas Kelurahan Ancol',346,346,2,2),(66,'Perawat KPLDH Puskesmas Kelurahan Pademangan Barat I',387,387,2,2),(67,'Perawat KPLDH Puskesmas Kelurahan Pademangan Barat II',347,347,2,2),(68,'Bidan KPLDH Puskesmas Kelurahan Ancol',346,346,2,2),(69,'Bidan KPLDH Puskesmas Kelurahan Pademangan Barat I',387,387,2,2),(70,'Bidan KPLDH Puskesmas Kelurahan Pademangan Barat II',347,347,2,2),(71,'Apoteker Puskesmas Kecamatan Pademangan',344,344,2,2),(72,'Apoteker Puskesmas Kelurahan Ancol',346,346,2,2),(73,'Apoteker Puskesmas Kelurahan Pademangan Barat I',387,387,2,2),(74,'Apoteker Puskesmas Kelurahan Pademangan Barat II',347,347,2,2),(75,'Ass. Apoteker Puskesmas Kecamatan Pademangan',344,344,2,2),(76,'Ass. Apoteker Puskesmas Kelurahan Ancol',346,346,2,2),(77,'Ass. Apoteker Puskesmas Kelurahan Pademangan Barat I',387,387,2,2),(78,'Ass. Apoteker Puskesmas Kelurahan Pademangan Barat II',347,347,2,2),(79,'Kesling Puskesmas Kelurahan Ancol',346,346,2,2),(80,'Kesling Puskesmas Kelurahan Pademangan Barat I',387,387,2,2),(81,'Kesling Puskesmas Kelurahan Pademangan Barat II',347,347,2,2),(82,'Dokter Umum KPLDH Puskesmas Kelurahan Ancol',346,346,1,2),(83,'Dokter Umum KPLDH Puskesmas Kelurahan Pademangan Barat I',387,387,1,2),(84,'Dokter Umum KPLDH Puskesmas Kelurahan Pademangan Barat II',347,347,1,2),(85,'Gizi Puskesmas Kecamatan Pademangan',344,344,2,2),(86,'Gizi Puskesmas Kelurahan Ancol',346,346,2,2),(87,'Gizi Puskesmas Kelurahan Pademangan Barat I',387,387,2,2),(88,'Gizi Puskesmas Kelurahan Pademangan Barat II',347,347,2,2);
/*!40000 ALTER TABLE `m_bagian` ENABLE KEYS */;
UNLOCK TABLES;

--
-- Table structure for table `m_jabatan`
--

DROP TABLE IF EXISTS `m_jabatan`;
/*!40101 SET @saved_cs_client     = @@character_set_client */;
/*!40101 SET character_set_client = utf8 */;
CREATE TABLE `m_jabatan` (
  `id_jabatan` int(11) NOT NULL AUTO_INCREMENT,
  `nama_jabatan` varchar(100) NOT NULL,
  `id_ukpd` int(11) NOT NULL,
  PRIMARY KEY (`id_jabatan`)
) ENGINE=InnoDB AUTO_INCREMENT=52 DEFAULT CHARSET=latin1;
/*!40101 SET character_set_client = @saved_cs_client */;

--
-- Dumping data for table `m_jabatan`
--

LOCK TABLES `m_jabatan` WRITE;
/*!40000 ALTER TABLE `m_jabatan` DISABLE KEYS */;
INSERT INTO `m_jabatan` VALUES (31,'Kepala Puskesmas Kecamatan',2),(32,'Kepala Puskesmas Kelurahan',2),(33,'Kasubbag Tata Usaha',2),(34,'Kepala Satuan Pelaksana UKM',2),(35,'Kepala Satuan Pelaksana UKP',2),(36,'Dokter Umum',2),(37,'Dokter Gigi',2),(38,'Apoteker',2),(39,'Ass. Apoteker',2),(40,'Analis Kesehatan',2),(41,'Perawat',2),(42,'Perawat Gigi',2),(43,'Bidan',2),(44,'Sanitarian',2),(45,'Nutrisionis',2),(46,'Pengolah Tata Usaha',2),(47,'Pengolah Data Kepegawaian',2),(48,'Pengadministrasi Keuangan',2),(49,'Pengadministrasi Umum Kecamatan',2),(50,'Pengadministrasi Umum Kelurahan',2),(51,'Pengemudi',2);
/*!40000 ALTER TABLE `m_jabatan` ENABLE KEYS */;
UNLOCK TABLES;

--
-- Table structure for table `m_kelas`
--

DROP TABLE IF EXISTS `m_kelas`;
/*!40101 SET @saved_cs_client     = @@character_set_client */;
/*!40101 SET character_set_client = utf8 */;
CREATE TABLE `m_kelas` (
  `id` int(11) NOT NULL AUTO_INCREMENT,
  `nama_kelas` varchar(50) NOT NULL,
  PRIMARY KEY (`id`)
) ENGINE=InnoDB AUTO_INCREMENT=13 DEFAULT CHARSET=latin1;
/*!40101 SET character_set_client = @saved_cs_client */;

--
-- Dumping data for table `m_kelas`
--

LOCK TABLES `m_kelas` WRITE;
/*!40000 ALTER TABLE `m_kelas` DISABLE KEYS */;
INSERT INTO `m_kelas` VALUES (1,'VVIP / Super VIP'),(2,'VIP'),(3,'Kelas I'),(4,'Kelas II'),(5,'Kelas III'),(6,'ICU'),(7,'HCU'),(8,'ICCU / ICVCU'),(9,'NICU'),(10,'PICU'),(11,'Isolasi'),(12,'Non Kelas');
/*!40000 ALTER TABLE `m_kelas` ENABLE KEYS */;
UNLOCK TABLES;

--
-- Table structure for table `m_pegawai`
--

DROP TABLE IF EXISTS `m_pegawai`;
/*!40101 SET @saved_cs_client     = @@character_set_client */;
/*!40101 SET character_set_client = utf8 */;
CREATE TABLE `m_pegawai` (
  `id_pegawai` int(11) NOT NULL AUTO_INCREMENT,
  `nip` varchar(100) NOT NULL,
  `nama_pegawai` varchar(250) NOT NULL,
  `tempat_lahir` varchar(100) DEFAULT NULL,
  `tgl_lahir` date DEFAULT NULL,
  `jenis_kelamin` varchar(30) NOT NULL,
  `no_tlp` varchar(30) DEFAULT NULL,
  `email` varchar(50) DEFAULT NULL,
  `alamat` text,
  `agama` int(11) DEFAULT NULL,
  `jabatan` int(11) DEFAULT NULL,
  `bagian` int(11) DEFAULT NULL,
  `status_pns` varchar(10) NOT NULL,
  `foto_url` varchar(500) DEFAULT NULL,
  `tgl_masuk` date NOT NULL,
  `is_active` tinyint(4) NOT NULL DEFAULT '1',
  `tempat_tugas` int(11) DEFAULT NULL,
  `id_ukpd` int(11) NOT NULL,
  `created_by` int(11) DEFAULT NULL,
  `created_date` datetime DEFAULT NULL,
  `updated_by` int(11) DEFAULT NULL,
  `updated_date` datetime DEFAULT NULL,
  PRIMARY KEY (`id_pegawai`),
  KEY `agama` (`agama`),
  KEY `jabatan` (`jabatan`),
  KEY `bagian` (`bagian`)
) ENGINE=InnoDB AUTO_INCREMENT=394 DEFAULT CHARSET=latin1;
/*!40101 SET character_set_client = @saved_cs_client */;

--
-- Dumping data for table `m_pegawai`
--

LOCK TABLES `m_pegawai` WRITE;
/*!40000 ALTER TABLE `m_pegawai` DISABLE KEYS */;
INSERT INTO `m_pegawai` VALUES (240,'10202319730602199709001','Tri Sulistyo','Jakarta','1973-06-02','LAKI-LAKI','089611316896','default@mail.com','Jl.Budi Mulia No.35 Rt.013/015 Kel.Pademangan Barat Kec.Pademangan Jakarta Utara',7,49,31,'NON PNS',NULL,'1997-09-01',1,1,2,245,'2018-04-04 09:18:58',266,'2018-10-17 08:52:47'),(241,'10202319791102200110002','Ria Wulansari','Jakarta','1979-11-02','PEREMPUAN','08128651523','riawulansari79@gmail.com','PUP Sektor V Blok N3 No.7 Rt.004/025 Kel. Bahagia Kec.Babelan Kab bekasi Jawa Barat',NULL,NULL,31,'NON PNS',NULL,'2001-10-01',1,1,2,245,'2018-04-04 09:18:58',245,'2016-02-15 16:09:51'),(242,'10202319841221200601003','Hesti Nuryani','Jakarta','1984-12-21','PEREMPUAN','085814714787','default@mail.com','Jl.Damai Rt.012/002 Kel.Cipete Utara Kel.Kebayoran Baru Jakarta Selatan',NULL,50,34,'NON PNS',NULL,'2006-01-01',1,4,2,245,'2018-04-04 09:18:58',367,'2019-03-02 11:53:37'),(243,'10202319800219200403004','Fimi Firdaus','Palembang','1980-02-19','LAKI-LAKI','089679212558','fimifirdaus001@gmail.com','Jl.Budi Mulia No.4 Rt.006/011 Kel.Pademangan Barat Kec.Pademangan Jakarta Utara',NULL,49,31,'NON PNS',NULL,'2004-03-01',1,1,2,245,'2018-04-04 09:18:58',266,'2019-04-22 15:53:30'),(244,'10202319790225200403005','Rismawati S.Pd','Jakarta','1979-02-25','PEREMPUAN','085692684065','rizmawats@yahoo.com','Jl.Mampang Prapatan V No.1 Rt.002/006 Kel.Mampang Prapatan Kec.Mampang Prapatan Jakarta Selatan',NULL,NULL,31,'NON PNS',NULL,'2004-03-01',1,1,2,245,'2018-04-04 09:18:58',245,'2016-02-15 16:11:19'),(245,'10202319780205200501007','Han Han Vena Handari','Garut','1978-02-05','PEREMPUAN','0853-1974-8804','default@mail.com','Bukit Cengkeh II, Blok A5 /11 Kel.Tugu Cimanggis Depok',NULL,NULL,41,'NON PNS',NULL,'2005-01-01',1,1,2,245,'2018-04-04 09:18:58',367,'2019-10-21 20:13:00'),(246,'10202319830110200501008','Ika Yusup Ari','Jakarta','1983-01-10','PEREMPUAN','085710037775','ika.yusup1@gmail.com','Jl.Budi Mulia No.56 Rt.014/011 Kel.Pademangan Barat Kec.Pademangan Jakarta Utara',NULL,NULL,76,'NON PNS','data/foto_pegawai/102023198301102005010081.jpg','2005-01-01',1,2,2,245,'2018-04-04 09:18:58',252,'2018-05-09 11:42:36'),(247,'10202319810323200807009','Lukas R. Luki Oktafero, SE','Jakarta','1981-10-23','LAKI-LAKI','081289002319','lukasluki81@yahoo.com','Jl.Prof Dr.Latumeten I GG V/7 Rt.03/05 Kel.Jelambar Grogol Petamburan Jakarta Barat',NULL,NULL,33,'NON PNS','data/foto_pegawai/102023198103232008070091.jpg','2008-07-01',1,3,2,245,'2018-04-04 09:18:58',367,'2018-11-05 16:27:25'),(248,'10202319850812201205010','dr. Mikha Yanti Siahaan','Medan','1985-08-12','PEREMPUAN','0819899495','mikhayanti@gmail.com','Jl.Tebet Timur Dalam VIII M No.3 A Rt.01 Rw.09 Kel.Tebet Timur Kec.Tebet Jakarta Selatan',NULL,NULL,35,'NON PNS',NULL,'2012-05-01',1,1,2,245,'2018-04-04 09:18:58',266,'2018-10-22 15:14:07'),(249,'10202319870625201302011','Ystyanti Rahayu','Jakarta','1987-06-25','PEREMPUAN','081288088203','yrmufied@gmail.com','Jl.Bhakti No.35 Rt.09/06 Kel.Cilincing Kec.Cilincing Jakarta Utara',NULL,NULL,58,'NON PNS','data/foto_pegawai/102023198706252013020111.jpg','2013-02-01',1,4,2,245,'2018-04-04 09:18:58',245,'2016-02-15 16:44:04'),(250,'10202319910731201302012','Tristi Annisa Rosyidah','Jakarta','1991-07-31','PEREMPUAN','085288024225','tristiannisar@gmail.com','Jl.Gading Raya II/14 Rt.001/005 Kel.Gading Barat Kec.Kelapa Gading Jakarta Utara',NULL,NULL,75,'NON PNS','data/foto_pegawai/10202319910731201302012.JPG','2013-02-01',1,1,2,245,'2018-04-04 09:18:58',266,'2018-10-22 15:12:43'),(251,'10202319911013201302013','Atin  Nuraini','Klaten','1991-10-13','PEREMPUAN','081210813151','atin152@gmail.com','Jl.Teluk Ratai V No.4 Rt.010 / 010 Kel.Kelapa Gading Barat Kec.Kelapa Gading Jakarta Utara',NULL,NULL,75,'NON PNS',NULL,'2013-02-01',1,1,2,245,'2018-04-04 09:18:58',367,'2019-04-12 16:28:28'),(252,'10202319870122201302014','Mohamad Hamzah','Jakarta','1987-01-22','LAKI-LAKI','083808400975','mohamad.hamzah22@gmail.com','kp.Serdang Rt.006/004 Kel.Serdang Kec.Kemayoran Jakarta Pusat',NULL,NULL,32,'NON PNS',NULL,'2013-02-01',1,2,2,245,'2018-04-04 09:18:58',245,'2016-02-15 16:46:59'),(253,'10202319930819201302015','Resty Fauziah','Penengahan','1993-08-19','PEREMPUAN','082187384518','resty.fauziah93@gmail.com','Desa Totoharjo Rt.005/003 Kel.Toto Harjo Kec.Bakauheni Kab.Lampung Selatan Lampung',NULL,NULL,31,'NON PNS',NULL,'2013-02-01',1,1,2,245,'2018-04-04 09:18:58',245,'2016-02-15 16:47:45'),(254,'10202319930913201302016','Rendi Muliansah','Jakarta','1993-09-13','LAKI-LAKI','085714361336','rendimuliansyah@gmail.com','Jl.Pasar pisang No.04 Rt/Rw. 001/007 Kel.Pinangsia Kec.Taman  Sari  Jakarta Barat ',NULL,NULL,31,'NON PNS',NULL,'2013-02-01',1,1,2,245,'2018-04-04 09:18:58',245,'2016-02-15 16:48:10'),(255,'10202319940403201302017','Idham Khalid Sutalaksana','Jakarta','1994-04-03','LAKI-LAKI','081318226125','iyusdanina@gmail.com','Jl.Agung Barat 36 Blok B22 Rt/Rw 007/010 Kel.Sunter Agung Kec.Tanjung Priok Jakarta Utara',NULL,NULL,34,'NON PNS',NULL,'2013-02-01',0,4,2,245,'2018-04-04 09:18:58',245,'2016-02-15 16:48:41'),(256,'10202319820415201307018','dr. Kasriani Hafil','Jambi','1982-04-15','PEREMPUAN','082122809583','default@mail.com','Jl.Enim I No.86 H R.009/003 Kel.Sungai Bambu Kec.Tanjung Priok Jakarta Utara',NULL,NULL,35,'NON PNS',NULL,'2013-07-02',1,1,2,245,'2018-04-04 09:18:58',245,'2016-02-15 16:49:20'),(257,'10202319781124201307019','Endang','Jakarta','1978-11-24','LAKI-LAKI','081318465506','3ndangpusk3s@gmail.com','Kp.Jati Indah Rt/Rw 010/001 Kel.MangunJaya Kec.Tambun Selatan Bekasi',NULL,NULL,46,'NON PNS',NULL,'2013-07-04',1,1,2,245,'2018-04-04 09:18:58',245,'2016-02-15 16:49:54'),(258,'10202319830621201403020','dr. tri Stella','Jakarta','1983-06-21','PEREMPUAN','08176541187','default@mail.com','Jl.Warakas IV GG.15 No.60 Rt/Rw 011/013 Kel.Warakas Kec.Tanjung Priok Jakarta Utara',NULL,NULL,35,'NON PNS',NULL,'2014-03-03',1,1,2,245,'2018-04-04 09:18:58',245,'2016-02-15 16:50:29'),(259,'10202319921213201401021','ELIS SUMIATI','JAKARTA','1992-12-13','PEREMPUAN','0838-7267-2772','oyikokami7@gmail.com','KP. MANGGA NO. 71 RT. 003/003, KEL. TUGU SELATAN, KEC. KOJA, JAKARTA UTARA, 14620',NULL,NULL,31,'NON PNS',NULL,'2014-01-02',1,1,2,245,'2018-04-04 09:18:58',265,'2019-11-11 07:39:24'),(260,'10202319900202201403022','Putri NurAyu Lestari, S.Kom','Jakarta','1990-02-02','PEREMPUAN','081295537859','default@mail.com','Jl.P.Bintan 5 No.495 Rt/Rw. 004/016 Perumnas 3 Kel.Aren jaya Kec.bekasi Timur Bekasi',NULL,NULL,31,'NON PNS','data/foto_pegawai/10202319900202201403022.jpg','2014-03-10',1,1,2,245,'2018-04-04 09:18:58',245,'2016-02-15 16:51:33'),(261,'10202319900402201403023','Irnawati BR Ginting','Jakarta','1990-04-02','PEREMPUAN','081290166623','irnabrginting@gmail.com','Jl. Pejuang Jaya Blok C No.449 Rt/Rw 004/012 Kel.Pejuang Kec.Medan Satria Bekasi',NULL,NULL,32,'NON PNS','data/foto_pegawai/10202319900402201403023.jpg','2014-03-10',1,2,2,245,'2018-04-04 09:18:58',245,'2016-02-15 16:52:05'),(262,'10202319841129201406024','Nova Sri Maulani','Kuningan','1984-11-29','PEREMPUAN','081210011631','sriova43@gmail.com','Kp.Pisangan GG.Hasan III No.176 Rt.012 /004 Kel.Penggilingan Cakung Jakarta Timur',NULL,NULL,36,'NON PNS',NULL,'2014-06-02',1,1,2,245,'2018-04-04 09:18:58',266,'2018-10-22 15:06:09'),(263,'10202319931129201406025','Anis Ariska','Jakarta','1993-11-29','PEREMPUAN','081382024303','default@mail.com','Jl.Pademangan IV GG.13 No.14 Rt/Rw. 010/008 Kel.Pademangan Timur Kec.Pademangan Jakarta Utara',NULL,NULL,56,'NON PNS',NULL,'2014-06-02',1,2,2,245,'2018-04-04 09:18:58',245,'2016-02-15 16:57:37'),(264,'10202319891228201406026','Rindi Lestari, AMK','Jakarta','1989-12-28','PEREMPUAN','0877-8038-6978','default@mail.com','Perum Green Garden C1 No.35 Rt/Rw.004/003 Kel.Rorotan Kec.Cilincing Jakarta Utara',NULL,NULL,57,'NON PNS',NULL,'2014-06-02',1,3,2,245,'2018-04-04 09:18:58',367,'2019-08-31 08:20:15'),(265,'10202319860510201407027','drg. Gilang Ramadhan Gemilang','Jakarta','1986-05-10','LAKI-LAKI','081212012820','gegemilang@yahoo.com','Komp.Unilever A-6 No.11 Rt/Rw. 004/009 Kel.Meruya Selatan Kec.Kembangan Jakarta Barat',NULL,NULL,45,'NON PNS',NULL,'2014-07-01',0,1,2,245,'2018-04-04 09:18:58',367,'2019-02-05 09:46:09'),(266,'10202319910420201510028','Arief Budiman','Subang','1991-04-20','LAKI-LAKI','082262653805','rockripppp1@gmail.com','Perumahan Bumi Anggrek Blok U No. 69',NULL,NULL,31,'NON PNS','data/foto_pegawai/102023199104202015100281.png','2015-10-12',1,1,2,245,'2018-04-04 09:18:58',272,'2018-09-20 15:36:46'),(267,'10202319930406201510029','Rizki Nurindah Sari','Bekasi','1993-04-06','PEREMPUAN','082299726494','rizkinurindass@gmail.com','Pondok Ungu Permai JJ5 No.8 Rt/Rw. 001/022 Kel.Kaliabang Tengah Kec.Bekasi Utara Bekasi',NULL,NULL,47,'NON PNS','data/foto_pegawai/10202319930406201510029.jpg','2015-10-12',1,1,2,245,'2018-04-04 09:18:58',266,'2018-10-22 15:09:08'),(268,'10202319911111201510030','Nabella Zenitza Kuhfi','Tegal','1991-11-11','PEREMPUAN','082121451577','default@mail.com','Jl.Pala Barat 5F No.381 Rt/Rw.005/014 Kel.Mejasem Barat Kec.Kramat Kab.Tegal Jawa Tengah',NULL,NULL,62,'NON PNS',NULL,'2015-10-12',1,2,2,245,'2018-04-04 09:18:58',245,'2016-02-15 17:02:10'),(269,'10202319931225201510031','Vevy Capriolita Putri','Jakarta','1993-12-25','PEREMPUAN','085972793362','vevyp@yahoo.co.id','Perum Ekamas Permai BH 11 Rt.003/005 Kel.Pangulah Utara  Kec.Kota Baru Karawang',NULL,NULL,63,'NON PNS',NULL,'2015-10-12',1,3,2,245,'2018-04-04 09:18:58',245,'2016-02-15 17:02:47'),(270,'10202319910610201510032','Shelvia Ariyani','Jakarta','1991-06-10','PEREMPUAN','087787249235','shelviaariyani@gmail.com','Perum Malaka Indah D/34 Rt/Rw. 015/006 Kel.Rorotan Kec.Cilincing Jakarta Utara',NULL,NULL,47,'NON PNS','data/foto_pegawai/102023199106102015100321.jpg','2015-10-12',0,1,2,245,'2018-04-04 09:18:58',245,'2016-02-15 17:03:30'),(271,'10202319880807201511033','Rinah Pratiwi','Jakarta','1988-08-07','PEREMPUAN','081380720977','ririnnava@gmail.com','Jl.Budi Mulia No.30 Rt/Rw. 006/013 Kel.Pademangan Barat Kec.Pademangan Jakarta Utara',NULL,NULL,31,'NON PNS',NULL,'2015-11-02',1,1,2,245,'2018-04-04 09:18:58',245,'2016-02-15 17:05:07'),(272,'10202319871004201511034','Loni Situmorang','Medan','1987-10-04','PEREMPUAN','081383702487','lonisitumorang@gmail.com','Jl.Cempaka No.7 Rt.12 Rw.04 Kel.Cibubur Kec.Ciracas Jakarta Timur',NULL,41,43,'NON PNS',NULL,'2015-11-02',1,1,2,245,'2018-04-04 09:18:58',296,'2018-08-15 09:24:17'),(273,'10202319670628201511035','Rusli','Jakarta','1967-06-28','LAKI-LAKI','08174951785','rusliuci3@gmail.com','Jl.Kartini III Dalam No.43 Rt/Rw.006.005 Kel.Kartini Kec.Sawah Besar Jakarta Pusat',NULL,NULL,46,'NON PNS',NULL,'2015-11-16',1,1,2,245,'2018-04-04 09:18:58',245,'2016-02-15 17:08:17'),(274,'10202319830129201601036','dr.Benny Alpharandus S','Medan','1983-01-29','LAKI-LAKI','081288362570','bassihombing@gmail.com','Pondok Permai Jl.Arwana V D-2 No. 7-8 Rt/Rw.002/004 Kel.Kuta Baru Kec. Pasarkemis Kab.Tanggerang Banten',NULL,NULL,42,'NON PNS',NULL,'2016-01-04',1,1,2,245,'2018-04-04 09:18:58',245,'2018-05-28 07:59:31'),(275,'10202319860711201601037','dr. Yushinta Sari','Jakarta','1986-07-11','PEREMPUAN','081213223763','watabeyushinta@gmail.com','Jl.Pademangan II A GG.2 No.15 Rt/Rw.003/006 Kel.Pademangan Timur Kec.Pademangan jakarta Utara',NULL,NULL,42,'NON PNS',NULL,'2016-01-04',1,1,2,245,'2018-04-04 09:18:58',245,'2018-05-28 07:59:54'),(276,'10202319880109201601038','Nurnjianti Atmasari','Banyumas','1988-01-09','PEREMPUAN','081393011441','atik090188@gmail.com','Jl.Ahmad Kudjeri No.11 Rt/Rw.003/002 Kel.Sokaraja Wetan Kec.Sokaraja Banyumas Jawa Tengah',NULL,NULL,43,'NON PNS',NULL,'2016-01-04',1,1,2,245,'2018-04-04 09:18:58',245,'2018-05-28 08:00:14'),(277,'10202319840120201601039','Devi Frensilia','Jakarta','1984-01-20','PEREMPUAN','081382030936','dfrensilia84@gmail.com','Jl.Taruna III Kav.Tipar Timur Blok G No.13 Rt/Rw. 012/004 Kel.semper Barat Kec.cilincing jakarta utara',NULL,NULL,43,'NON PNS','data/foto_pegawai/102023198401202016010391.jpg','2016-01-04',1,1,2,245,'2018-04-04 09:18:58',245,'2018-05-28 08:00:31'),(278,'10202319831017201601040','Sutani','Jakarta','1983-10-17','PEREMPUAN','089604219822','tanisutani@gmail.com','Jl.S Bogowonto No.373 Rt/Rw.009/001 Kel.semper barat Kec.Cilincing Jakarta Utara',NULL,NULL,43,'NON PNS',NULL,'2016-01-04',1,1,2,245,'2018-04-04 09:18:58',284,'2018-11-16 04:05:51'),(279,'10202319830903201601041','Ratih Setiasih','Jakarta','1983-09-03','PEREMPUAN','087788322993','ratihsetiasih3@gmail.com','Jl.Budi Mulia No.50 Rt/Rw.013/011 Kel.Pademangan Barat Kec.Pademangan Jakarta Utara',NULL,NULL,36,'NON PNS',NULL,'2016-01-04',1,1,2,245,'2018-04-04 09:18:58',245,'2016-02-15 17:12:27'),(280,'10202319800720201601042','Rinawati','Banjarmasin','1980-07-20','PEREMPUAN','081286691201','pamungkasrinazakia@yahoo.com','jl.Budi Mulia No.20 Rt/Rw. 007/015 Kel.Pademangan Barat Kec.Pademangan Jakarta Utara',NULL,NULL,31,'NON PNS',NULL,'2016-01-04',1,1,2,245,'2018-04-04 09:18:58',245,'2016-02-15 17:12:52'),(281,'10202319830705201601043','Rachmat Haryadi Widiharto','Jakarta','1983-07-05','LAKI-LAKI','081219027860','eboytama2@gmail.com','Jl.asrama Polri Brimob No.26 Rt/Rw.001/007 Kel.Cilincing Kec.Cilincing Jakarta Utara',NULL,NULL,46,'NON PNS',NULL,'2016-01-04',1,1,2,245,'2018-04-04 09:18:58',245,'2016-02-15 17:13:24'),(282,'10202319900717201601044','Ade Ahmad Hidayatullah','Subang','1990-07-17','LAKI-LAKI','08111311317','dahmadhid@gmail.com','Kp.Nanggela Rt/Rw.021/005 Kel.Sindanglaya, Tanjungsiang Subang ',NULL,NULL,31,'NON PNS',NULL,'2016-01-04',1,1,2,245,'2018-04-04 09:18:58',245,'2016-02-15 17:14:02'),(283,'10202319880115201601045','Aris Bowo Leksono','Jakarta','1988-01-15','LAKI-LAKI','081294569433','ariesbowo88@gmail.com','Villa Mas Garden Jl.Batu Marmer Blok E No.115 Rt/Rw.005/009 Kel.Perwira Kec.Bekasi Utara Bekasi',NULL,NULL,46,'NON PNS',NULL,'2016-01-04',1,1,2,245,'2018-04-04 09:18:58',289,'2018-10-05 21:48:49'),(284,'10202319891230201601046','Nila Surabina BR Tarigan','Delitua','1989-12-30','PEREMPUAN','081263712704','default@mail.com','Jl.Raya Sungai Bambu No.15 Rt.04 Rw.06 Kel.Sungai Bambu Kec.Tanjung Priok Jakarta Utara',NULL,NULL,43,'NON PNS',NULL,'2016-01-11',1,1,2,245,'2018-04-04 09:18:58',245,'2018-05-28 08:03:14'),(285,'10202319911215201601047','Pradhipta Setya Nugraha','Tuban ','1991-12-15','LAKI-LAKI','082210558041','dhipta15skep@gmail.com','Jl. Mataram Raya No 48 Rt.007/018 Kel Bencongan Tangerang',NULL,NULL,43,'NON PNS',NULL,'2016-01-11',1,1,2,245,'2018-04-04 09:18:58',245,'2018-05-28 08:03:35'),(286,'10202319901205201601048','Harmoko','Pugung Raharjo','1990-12-05','LAKI-LAKI','085766841184','harmoko.ners@gmail.com','Jl. Desa Gunung Sugih Besar. Kampung Udik. Lampung Timur',NULL,NULL,49,'NON PNS','data/foto_pegawai/102023199012052016010481.jpg','2016-01-11',1,1,2,245,'2018-04-04 09:18:58',292,'2018-08-06 10:17:10'),(287,'10202319910723201602049','Yuli Tri Wibawati','Bekasi','1991-07-23','PEREMPUAN','081311306290','yulisuvli@gmail.com','Jl. Kamboja 2 No 117 Perumnas 1  Bekasi Barat',NULL,NULL,33,'NON PNS','data/foto_pegawai/102023199107232016020491.JPG','2016-02-01',1,3,2,245,'2018-04-04 09:18:58',266,'2018-10-22 15:06:37'),(288,'10202319811008201602050','Oktavianti','Jakarta','1981-10-08','PEREMPUAN','081584183351','oktavianti.okta@gmail.com','Jl. Komplek DKI Blok E/6 No.3 Sunter Agung Jakarta Utara',NULL,NULL,31,'NON PNS',NULL,'2016-02-01',1,1,2,245,'2018-04-04 09:18:58',245,'2016-02-15 17:18:02'),(289,'10202319911130201602051','Novia Rosalina Morry','Depok ','1991-11-30','PEREMPUAN','0896-0748-6882','novianorry@gmail.com','Jl. Villa Pertiwi Blok S No.39 Rt/Rw.009/015 Kel.Sukamaju cilodong Depok.',NULL,NULL,78,'NON PNS',NULL,'2016-02-01',1,4,2,245,'2018-04-04 09:18:58',367,'2019-05-31 10:37:47'),(290,'10202319861121201602052','Nopriyadi','Jakarta','1986-11-21','LAKI-LAKI','085711029823','nopriyadi211@gmail.com','Jl. B No. 11 RT.006 RW.004 Kel. Rawabadak Utara Kec. Koja Jakarta Utara 14230',NULL,49,31,'NON PNS','data/foto_pegawai/102023198611212016020521.jpg','2016-02-01',1,1,2,245,'2018-04-04 09:18:58',245,'2016-02-15 17:21:36'),(291,'10202319860831201602053','dr. Indriana','Palembang','1986-08-31','PEREMPUAN','08985360062','indrianawhite@gmail.com','Jl.Cluster Fluorite Barat No.11Gading Serpong',NULL,NULL,42,'NON PNS',NULL,'2016-02-01',1,1,2,245,'2018-04-04 09:18:58',245,'2018-05-28 08:04:57'),(292,'10202319851230201602054','dr. Vina Yosephine','Jakarta','1985-12-30','PEREMPUAN','089608517134','sakura13440@yahoo.com','Jl. Perumahan Duren Sawit Baru Blok C 11 No.4 rt/rw.006/001 Kel.Duren Sawit Kec.Duren Sawit  Jakarta Timur',NULL,NULL,42,'NON PNS',NULL,'2016-02-01',1,1,2,245,'2018-04-04 09:18:58',245,'2018-05-28 08:04:30'),(293,'10202319931003201602055','Reza Rifnaldi','Jakarta','1993-10-03','LAKI-LAKI','08179999884','rezarifnaldi03@gmail.com','Perumahan Taman Adiyasa Blok D 08/13 Rt/Rw.002/007 KelCikasungka Kec.Solear Tanggerang',NULL,NULL,31,'NON PNS',NULL,'2016-02-01',1,1,2,245,'2018-04-04 09:18:58',245,'2016-02-15 17:23:10'),(294,'10202319921217201602056','Susi Rindianti','Cilacap','1992-12-17','PEREMPUAN','0878-8104-6798','rindianti17@gmail.com','Asrama Yonif mekanis 201 RT 006/005 Pekayon Pasar Rebo Jakarta Timur',NULL,NULL,71,'NON PNS','data/foto_pegawai/10202319921217201602056.jpg','2016-02-01',1,1,2,245,'2018-04-04 09:18:58',300,'2019-08-20 04:56:39'),(295,'10202319931222201602057','Balielatul Khadhra','Bogor','1993-12-22','PEREMPUAN','082299075549','balielatul_k93@yahoo.co.id','Jl. Pertambangan Rt.001/08 Kec Tanjung Balai Karimun prof.Kepulauan Riau',NULL,NULL,39,'NON PNS',NULL,'2016-02-03',1,1,2,245,'2018-04-04 09:18:58',245,'2016-02-15 17:25:15'),(296,'10202319880613201602058','Sry Hastuti Simatupang','Onanbaru','1988-06-13','PEREMPUAN','0812-9591-7890','sry88tupang@gmail.com','Jl. Agung Utara 6B/A9 No 30 Sunter Agung ,Tanjung Priuk, komplek polri',NULL,NULL,47,'NON PNS',NULL,'2016-02-03',1,1,2,245,'2018-04-04 09:18:58',367,'2019-08-12 09:01:39'),(297,'10202319910619201602059','Indah Yuniarsih','Srikaton','1991-06-19','PEREMPUAN','085658931311','indz.indah@gmail.com','Kp.Kebon Kelapa Rt/Rw.003/004 Kel.Pekayon Sukadiri Kab.Tanggerang Banten',NULL,NULL,70,'NON PNS','data/foto_pegawai/102023199106192016020591.jpg','2016-02-03',1,4,2,245,'2018-04-04 09:18:58',245,'2016-02-15 17:31:58'),(298,'10202319920421201602060','Rini Aprilian','Sukabumi','1992-04-21','PEREMPUAN','081212132714','rini.aprilian1992@gmail.com','Jl. Kh.Ahmad Sanusi GG Rukun Rt 02/010 Gunung Puyuh Sukabumi Jawa Barat',NULL,NULL,39,'NON PNS',NULL,'2016-02-03',1,1,2,245,'2018-04-04 09:18:58',245,'2016-02-15 17:32:34'),(299,'10202319931123201602061','Dwi Eva Noviyanti','Jakarta','1993-11-23','PEREMPUAN','085891450554','noviyanti.dn@gmail.com','Dusun Krajan 1 R.03 Rw.01 Kel.Telukambulu Kec.Batujaya Karawang',NULL,NULL,39,'NON PNS',NULL,'2016-02-03',1,1,2,245,'2018-04-04 09:18:58',245,'2016-02-15 17:32:58'),(300,'10202319930510201602062','Karlina','Karawang','1993-05-10','PEREMPUAN','082260665724','karlinaina.lk@gmail.com','Jl. Lolohan I RT. 010/003 Desa Kutaampel, Batujaya Karawang',NULL,NULL,69,'NON PNS',NULL,'2016-02-03',1,3,2,245,'2018-04-04 09:18:58',306,'2018-07-26 14:47:44'),(301,'10202319900428201602063','Putriyani Herliasari Panjaitan','Serang','1990-04-28','PEREMPUAN','081287024590','putriyani2863@gmail.com','Jl. Perum Bumi Mutiara Indah Blok DIII No. 7 RT. 004/015 Cikampek, Karawang',NULL,NULL,70,'NON PNS',NULL,'2016-02-03',1,4,2,245,'2018-04-04 09:18:58',307,'2018-09-20 10:47:54'),(302,'10202319940315201602064','Fitri Tara Maziyah','Kedaton','1994-03-15','PEREMPUAN','081293871663','tara01ftm@gmail.com','Jl.Komplek Perum Depkes Blok C7 No.1 rt/Rw 008/004 Kel.sunter Jaya Tanjung Priok Jakarta utara',NULL,NULL,47,'NON PNS',NULL,'2016-02-03',1,1,2,245,'2018-04-04 09:18:58',245,'2016-02-15 17:35:27'),(303,'10202319860611201602065','Endang Wahyu Fitri','Padang','1986-06-11','PEREMPUAN','082165104289','endangwahyufitri@gmail.com','Jl.Lontar 4 Gang 12 No 8 Rt.006/05 Jakarta utara',NULL,NULL,39,'NON PNS',NULL,'2016-02-03',1,1,2,245,'2018-04-04 09:18:58',245,'2016-02-15 17:36:18'),(304,'10202319891126201602066','Meki Pristiansah','Kuningan','1989-11-26','LAKI-LAKI','08128274141','eqipristiansah@yahoo.com','Jl. Curug Mekar No.53 Kel Curuk Kec Bogor Jabar',NULL,NULL,31,'NON PNS','data/foto_pegawai/10202319891126201602066.gif','2016-02-09',1,1,2,245,'2018-04-04 09:18:58',310,'2018-07-30 13:49:39'),(305,'10202319850319201602067','Siti Lestari','Jakarta','1985-03-19','PEREMPUAN','081383511505','bmcstari@gmail.com','Jl. Kp Lio Rt.001/01 No. 21 Kel Pondok Kacang Timur. Pondok aren Tangerang Selatan Banten\r\n',NULL,NULL,48,'NON PNS',NULL,'2016-02-09',1,1,2,245,'2018-04-04 09:18:58',245,'2016-02-15 17:37:24'),(306,'10202319831222201608068','Hadi Wahyu Kristanto','Jakarta','1983-12-22','LAKI-LAKI','08567040226','hadiwahyukristanto@gmail.com','Cipinang Kebembem Rt.001/ 013 Kel.Pisangan Timur Kec.Pulogadung Jakarta Timur',NULL,NULL,31,'NON PNS',NULL,'2016-08-01',1,1,2,245,'2018-04-04 09:18:58',245,'2016-02-15 17:41:28'),(307,'10202319920624201608069','Tuti Herni','Jakarta','1992-06-24','PEREMPUAN','081227727792','tutiherni92@gmail.com','Jl.Papanggo II E No. 62 B Rt.002/006 Kel.Papanggo Kec.Tanjung Priok Jakarta Utara',NULL,NULL,67,'NON PNS','data/foto_pegawai/10202319920624201608069.JPG','2016-08-01',1,4,2,245,'2018-04-04 09:18:58',245,'2016-02-15 17:42:52'),(308,'10202319870107201608070','Erna Rijona Saragih','Saribu Jandi','1987-01-07','PEREMPUAN','082165612744','doormangusti@gmail.com','Jl.Petojo VIY II Dalam No.6 Rt.004/006 Kel.Cideng Kec.Gambir Jakarta Pusat',NULL,NULL,43,'NON PNS',NULL,'2016-08-01',1,1,2,245,'2018-04-04 09:18:58',245,'2018-05-28 08:05:44'),(309,'10202319851206201608071','Dedi Suryo Atmojo','Bekasi','1985-12-06','LAKI-LAKI','083815137323','dyopedrosa@gmail.com','Kp.Rawa Roko Rt.004/ 041 Kel.Bojong Rawalumbu Kec.Rawalumbu Bekasi ',NULL,NULL,43,'NON PNS',NULL,'2016-08-01',1,1,2,245,'2018-04-04 09:18:58',245,'2018-05-28 08:06:04'),(310,'10202319880612201608072','Fifi Fithriyah Itsnayani','Indramayu','1988-06-12','PEREMPUAN','0823-1234-8717','fififithriyahitsnayani@gmail.com','Jl.Dana Prasetya No.52 Rt.10/008 Kel.Gedong Kec.Pasar Rebo Jakarta Timur',NULL,NULL,36,'NON PNS','data/foto_pegawai/102023198806122016080721.jpg','2016-08-01',1,1,2,245,'2018-04-04 09:18:58',367,'2019-08-31 08:21:24'),(311,'10202319881022201608073','dr. Vinisia','Jakarta','1988-10-22','PEREMPUAN','082213581988','dr.vinisiagiovanni@gmail.com','Jl.Telaga Karya 1 No. 37 Rt.008 Rw.001 Kel. Sunter Jaya, Kec.Tanjung Priok Jakarta Utara',NULL,NULL,42,'NON PNS',NULL,'2016-08-01',0,1,2,245,'2018-04-04 09:18:58',245,'2018-05-28 08:06:24'),(312,'10202319900121201608074','dr. Rosi Irmawati Purba','Pematang Setrak','1990-01-21','PEREMPUAN','081361076521 / 081312525385','rosi.purba21@gmail.com','Gading Griya Lestari Blok Y6 No.16 Rt10/09 Kel.Sukapura Kec.Cilincing Jakarta Utara',NULL,NULL,82,'NON PNS',NULL,'2016-08-01',1,2,2,245,'2018-04-04 09:18:58',318,'2018-08-23 15:55:39'),(313,'10202319871101201609075','dr. Posti Siswati','Jakarta','1987-11-01','PEREMPUAN','081380606908','postisiswati@gmail.com','Jl.Salembaran No.38 Rt.002/001, Kel.Cengklong Kec.Kosambi Tanggerang Banten',NULL,NULL,35,'NON PNS','data/foto_pegawai/10202319871101201609075.jpg','2016-09-01',1,1,2,245,'2018-04-04 09:18:58',245,'2018-05-07 09:49:06'),(314,'10202319890512201609076','Antonius','Otong','1989-05-12','LAKI-LAKI','085725398959','antonydc125@gmail.com','Dusun Remba Kedokok Rt/Rw.006/004 Kel.Subah Kec.Tayan Hilir Sanggau',NULL,NULL,75,'NON PNS','data/foto_pegawai/102023198905122016090761.jpg','2016-09-12',1,1,2,245,'2018-04-04 09:18:58',245,'2018-05-07 09:49:41'),(315,'10202319921216201610077','Ichsan Arief Priyadi Pratama','Tanggerang','1992-12-16','LAKI-LAKI','085739159471','ichsanapp@gmail.com','Jl.Anggrek III No.23 Blok K4 Rt.02 Rw.06 Taman Cibodas Kel.Sangiang Jaya Kec.Priuk Kota Tanggerang',NULL,NULL,75,'NON PNS',NULL,'2016-10-03',1,1,2,245,'2018-04-04 09:18:58',245,'2018-05-07 09:50:15'),(316,'10202319900403201704078','dr. Mira Arlita Rahmawati','Palu','1990-04-03','PEREMPUAN','081218605577','mira.arrahma@yahoo.com','Jl.STM Walang Jaya 10/01 tugu Selatan Jakarta Utara',NULL,NULL,84,'NON PNS','data/foto_pegawai/102023199004032017040781.jpg','2017-04-03',1,4,2,245,'2018-04-04 09:18:58',322,'2018-09-20 15:51:11'),(317,'10202319940115201704079','Lailatunnikmah','Semarang','1994-01-15','PEREMPUAN','085711885501','default@mail.com','Jl.Pademangan IV Rt.08/001 Kel.Pademangan Timur Kec.Pademangan Jakarta Utara',NULL,NULL,70,'NON PNS',NULL,'2017-04-03',1,4,2,245,'2018-04-04 09:18:58',245,'2018-05-07 09:51:38'),(318,'10202319910122201704080','dr. Sri Sukma Lestari','Jakarta','1991-01-22','PEREMPUAN','081316249678','default@mail.com','Keb. Baru jl. Kenari No.3 Rt.01/10 Kel.semper barat Cilincing Jakarta Utara',NULL,NULL,40,'NON PNS',NULL,'2017-04-03',1,1,2,245,'2018-04-04 09:18:58',245,'2018-05-07 09:54:21'),(319,'10202319940407201704081','Dian Pratiwi','Indramayu','1994-04-07','PEREMPUAN','081223346627','default@mail.com','Asrama Pemadam Kebakaran no 17 rt/rw 01/017 Semper Barat Cilincing Jakarta Utara 14130',NULL,NULL,75,'NON PNS',NULL,'2017-04-18',1,1,2,245,'2018-04-04 09:18:58',325,'2018-09-29 21:23:45'),(320,'10202319940204201705082','Habibah','Jakarta','1994-01-04','PEREMPUAN','085771093494','default@mail.com','Jl.Percetakan Negara Gg.Dahlan No.11 Rt.07/10 Kel.Cempaka putih Barat Kec.cempaka Putih Jakarta Pusat',NULL,NULL,34,'NON PNS','data/foto_pegawai/102023199402042017050821.jpg','2017-05-02',1,4,2,245,'2018-04-04 09:18:58',266,'2018-10-22 15:07:01'),(321,'10202319870211201706083','dr. Nasriani','Geulumpang Minyeuk','1987-02-11','PEREMPUAN','081360370087','default@mail.com','Rusunami Bandar Kemayoran Tower A2 12.14 Pademangan Timur',NULL,NULL,40,'NON PNS',NULL,'2017-06-05',1,1,2,245,'2018-04-04 09:18:58',245,'2018-05-07 09:56:13'),(322,'10202319890705201706084','dr. Julia Chrissanty Tiarida Panjaitan','Pematang Siantar','1989-07-05','PEREMPUAN','082312106696','default@mail.com','Jl.Budi Mulia Rt.04 Rw.12 Kel.Pademangan Barat Kecamatan Pademangan',NULL,NULL,84,'NON PNS',NULL,'2017-06-05',1,4,2,245,'2018-04-04 09:18:58',296,'2018-08-14 08:05:45'),(323,'10202319920621201706085','dr. Rhea Putri Ulima','Tanggerang','1992-06-21','PEREMPUAN','081286855045','default@mail.com','Jl.Swadaya Raya No.6 Larangan Indah',NULL,NULL,83,'NON PNS',NULL,'2017-06-05',0,3,2,245,'2018-04-04 09:18:58',245,'2018-05-07 09:57:53'),(324,'10202319940604201706086','Charly Andreas Sinaga','Kisaran','1994-06-04','LAKI-LAKI','081262878685','default@mail.com','Jl.Haji Mading Rt.006 Rw.002 Kel.Kembangan Utara Kec.Kembangan Jakarta Barat',NULL,NULL,31,'NON PNS',NULL,'2017-06-06',0,1,2,245,'2018-04-04 09:18:58',245,'2018-05-07 09:58:21'),(325,'10202319860426201706087','Ari Subiyanto','Jakarta','1986-04-26','LAKI-LAKI','089640000096','arie.subiyanto@gmail.com','Jl.Haji UNG Rt.007 Rw.003 Kel.Utan Panjang Kec.Kemayoran Jakarta Pusat',NULL,NULL,31,'NON PNS',NULL,'2017-06-06',1,1,2,245,'2018-04-04 09:18:58',245,'2018-05-07 09:58:41'),(326,'10202319931012201708088','Atmi Muflikhah Handayani','Banjarnegara','1993-10-12','PEREMPUAN','085726491789','default@mail.com','Dusun Klampok  Rt.02 Rw.05 Kel.Klampok Kec.Purwareja Klampok Banjarnegara',NULL,NULL,41,'NON PNS',NULL,'2017-08-09',1,1,2,245,'2018-04-04 09:18:58',245,'2018-05-07 09:59:10'),(327,'10202319950516201708089','M. Ramzi','Jakarta','1995-05-16','LAKI-LAKI','083808780745','default@mail.com','Perum Duta Kranji Jl. Flamboyan Blok C 387 Rt.07/11, Duta Kranji Bekasi',NULL,NULL,80,'NON PNS',NULL,'2017-08-11',1,3,2,245,'2018-04-04 09:18:58',367,'2019-02-02 08:29:36'),(328,'10202319920127201708090','Nurul Azizah','Banyumas','1992-01-27','PEREMPUAN','085647987282','default@mail.com','Jl.Pejuang V No.26 Rt.003/004 Kelapa Gading Timur, Kelapa Gading Jakarta Utara',NULL,NULL,48,'NON PNS','data/foto_pegawai/10202319920127201708090.jpg','2017-08-11',1,1,2,245,'2018-04-04 09:18:58',266,'2018-10-22 15:05:45'),(329,'10202319950603201708091','Anggra Sartika','Jakarta','1995-06-03','PEREMPUAN','087809993774','jsarang.jk77@gmail.com','Jl.Bumi Raya V No.22 A Rt.008 /003 Kel.Duren Sawit Kec.Duren Sawit Jakarta Timur',NULL,NULL,61,'NON PNS',NULL,'2017-08-14',0,4,2,245,'2018-04-04 09:18:58',367,'2019-02-05 09:54:02'),(330,'10202319880220201708092','Didin Wahyudin','Subang','1988-02-20','LAKI-LAKI','081806792292','didinwahyudin250@gmail.com','Jl.Pasar Jumat Rt.003/002 Kel.Lebak Bulus  Kec.Cilandak Jakarta Selatan',NULL,NULL,37,'NON PNS','data/foto_pegawai/10202319880220201708092.jpg','2017-08-14',1,1,2,245,'2018-04-04 09:18:58',367,'2019-02-04 14:11:20'),(331,'10202319911212201709093','Rosiana Windri Astuti','Jakarta','1991-12-12','PEREMPUAN','083811160018','default@mail.com','Jl.Sungai Progo No.393 Rt.009 Rw.001 Kel.Semper Barat Kec.Cilincing Jakarta Utara',NULL,NULL,41,'NON PNS',NULL,'2017-09-04',0,1,2,245,'2018-04-04 09:18:58',245,'2018-05-16 13:38:12'),(332,'10202319950913201709094','Stefania Fransisca','Jakarta','1995-09-13','PEREMPUAN','081319934395','default@mail.com','Jl.Komplek Polri Blok A9/38 Rt.003 Rw.008  Kel.Sunter Agung Kec.Tanjung Priok Jakarta Utara',NULL,NULL,65,'NON PNS',NULL,'2017-09-04',1,2,2,245,'2018-04-04 09:18:58',245,'2018-05-16 13:39:03'),(333,'10202319931108201709095','Neni Suryani','Bekasi','1993-11-08','PEREMPUAN','0822-1096-7169','untaianmanikam@gmail.com','Bekasi, 17510',NULL,NULL,88,'NON PNS',NULL,'2017-09-18',1,4,2,245,'2018-04-04 09:18:58',339,'2019-09-04 20:34:32'),(334,'10202319900817201712096','dr. Gayuh Prastya Masdiyanto','Jakarta','1990-08-17','LAKI-LAKI','081280259092','default@mail.com','Jl. Pahlawan Komarudin no. 122 RT. 013 RW. 005 Kec. Cakung Kel. Pulogebang',NULL,36,42,'NON PNS','data/foto_pegawai/102023199008172017120961.JPG','2017-12-04',0,1,2,245,'2018-04-04 09:18:58',340,'2018-11-17 06:36:26'),(335,'10202319911003201712097','dr. Laksmi Putri Ayukinanti','Dumai','1991-10-03','PEREMPUAN','081295910300','default@mail.com','Jl.H.Muhajar No.46 Sukabumi Selatan Kebon Jeruk Jakarta Barat',NULL,NULL,35,'NON PNS',NULL,'2017-12-04',1,1,2,245,'2018-04-04 09:18:58',245,'2018-05-16 13:58:45'),(336,'10202319891207201712098','dr. Decy Paulina','Jakarta','1989-12-07','PEREMPUAN','085692297787','ecyberuntung@gmail.com','Jl.Sunter Karya Blok HB3 No.11 Rt.018 Rw.013 Kel.Sunter Agung Kec.tanjung Priok Jakarta Utara',NULL,NULL,52,'NON PNS','data/foto_pegawai/102023198912072017120981.jpg','2017-12-04',1,4,2,245,'2018-04-04 09:18:58',245,'2018-05-16 14:03:03'),(337,'10202319940918201711099','Inas Nurinawati','Jakarta','1994-09-18','PEREMPUAN','08567647139','ines.nurinawati@gmail.com','Komplek BATAN Rt.004 Rw.002 Kel.Lebak Bulus Kec.Cilandak Jakarta Selatan',NULL,NULL,37,'NON PNS','data/foto_pegawai/10202319940918201711099.jpg','2017-12-11',1,1,2,245,'2018-04-04 09:18:58',367,'2019-02-06 14:19:19'),(338,'10202319961005201712100','Gesit Priambodo','Jakarta','1996-10-05','LAKI-LAKI','08567851493','default@mail.com','Jl.Raya Jambore Rt.003 Rw.006 No.26 Kel.Cibubur Kec.Ciracas Jakarta Timur',NULL,NULL,41,'NON PNS',NULL,'2017-12-12',1,1,2,245,'2018-04-04 09:18:58',245,'2018-05-16 14:06:26'),(339,'10202319940705201801101','Desi Nashira Julianty','Garut','1994-07-05','PEREMPUAN','08979769709','default@mail.com','Kp. Cikole Hilir Rt.001/002 Kel.Wanasari Kec.Wanaraja Garut',NULL,NULL,75,'NON PNS',NULL,'2018-01-11',1,1,2,245,'2018-04-04 09:18:58',245,'2018-05-16 14:07:46'),(340,'10202319871021201802102','dr. Devy','Jakarta','1987-10-21','PEREMPUAN','089698667172','devyefendi@gmail.com','Jl.Pademangan 4 Gg.24 No.10 Rt.003/Rw.01 Kel.Pademangan Timur Kec.Pademangan Jakarta Utara',NULL,NULL,51,'NON PNS',NULL,'2018-02-01',1,3,2,245,'2018-04-04 09:18:58',245,'2018-05-16 14:09:13'),(341,'10202319910329201802103','drg. Irena Paska,MM','Jakarta','1991-03-29','PEREMPUAN','081932356659','default@mail.com','Jl.Pademangan II GG.15/27 Rt.13/05 Kel.Pademangan Timur Kec.Pademangan Jakarta Utara',NULL,NULL,55,'NON PNS',NULL,'2018-02-01',1,4,2,245,'2018-04-04 09:18:58',367,'2019-02-04 14:11:55'),(342,'196911141999032001','Yanti Noviyanti Sri Pujiastuti, S.Kom., MAP','Jakarta','1969-11-14','PEREMPUAN','-','default@mail.com','-',NULL,49,NULL,'PNS',NULL,'1999-01-01',0,1,2,245,'2018-04-16 09:12:21',367,'2019-03-26 19:21:53'),(343,'198506012010012038','Yunita Wulandari, SKM','Jakarta','1985-06-01','PEREMPUAN','','default@mail.com','',NULL,NULL,NULL,'PNS',NULL,'2010-01-01',1,1,2,245,'2018-04-16 09:36:33',296,'2018-08-14 09:29:27'),(344,'198209012010012022','dr. Nurfaridah','Jakarta','1982-09-01','PEREMPUAN','','fardmd@gmail.com','',NULL,NULL,NULL,'PNS','data/foto_pegawai/198209012010012022.jpg','2010-01-01',1,1,2,245,'2018-04-16 09:50:10',367,'2019-12-02 22:25:08'),(345,'198810262014031002','dr. Vicky Danis Ilmansyah','Brebes','1988-10-26','LAKI-LAKI','','default@mail.com','',NULL,NULL,NULL,'PNS',NULL,'2014-01-01',0,1,2,245,'2018-04-16 09:54:48',296,'2018-08-14 09:27:16'),(346,'196510082002122002','dr. Dahlia Rodia Simangunsong','Parapat','1965-10-08','PEREMPUAN','','default@mail.com','',NULL,32,NULL,'PNS',NULL,'2002-01-01',1,2,2,245,'2018-04-16 10:03:22',296,'2018-08-14 09:26:38'),(347,'196605172007012026','dr. Tjhin Fariana','Jakarta','1966-05-17','PEREMPUAN','','default@mail.com','',NULL,32,NULL,'PNS',NULL,'2007-01-01',1,4,2,245,'2018-04-16 11:23:13',266,'2018-11-02 13:09:03'),(348,'198107222010012026','dr. Niken Susilowati','Jakarta','1981-07-22','PEREMPUAN','','default@mail.com','',NULL,32,NULL,'PNS',NULL,'2010-01-01',0,3,2,245,'2018-04-16 11:24:58',266,'2018-11-02 13:08:31'),(349,'196511101992022001','drg. Dara Pahlarini, MAP','Jakarta','1965-11-10','PEREMPUAN','','default@mail.com','',NULL,31,NULL,'PNS','data/foto_pegawai/1965111019920220011.png','1992-01-01',1,1,2,245,'2018-04-16 11:27:01',296,'2018-08-14 09:25:17'),(350,'10202319970420201804104','Dwi Laraswati','Jakarta','1997-04-20','PEREMPUAN','','default@mail.com','',NULL,43,64,'NON PNS',NULL,'2018-04-01',1,4,2,245,'2016-02-12 02:22:21',296,'2018-08-14 09:17:28'),(351,'10202319950707201804105','Anggita Damayanti','Jakarta','1995-07-07','PEREMPUAN','','default@mail.com','',NULL,43,47,'NON PNS',NULL,'2018-04-01',1,1,2,245,'2016-02-12 02:28:52',296,'2018-08-14 09:18:09'),(352,'10202319951108201804106','Ika Mardiana','Jakarta','1995-11-08','PEREMPUAN','','default@mail.com','',NULL,43,47,'NON PNS',NULL,'2018-04-01',1,1,2,245,'2016-02-12 02:30:01',296,'2018-08-14 09:23:02'),(353,'10202319950409201804107','Apriliani Kartika Sari','Jakarta','1995-04-09','PEREMPUAN','085693257827','apriliakartikas@gmail.com','Komp. TWP TNI AL Blok E2 no 13. RT 09 RW 019. Ciangsana. Gn. Putri. Bogor',NULL,43,62,'NON PNS','data/foto_pegawai/102023199504092018041071.jpg','2018-04-01',1,2,2,245,'2016-02-12 02:31:30',360,'2018-08-30 21:06:36'),(354,'10202319940411201804108','Puspa Savitri Dewi','Magelang','1994-04-11','PEREMPUAN','085700090709','puspasavitri60@mail.com','Jln. Kurnia Kp. Bulak Rt 17/07, Koja',NULL,41,56,'NON PNS',NULL,'2018-04-01',1,2,2,245,'2016-02-11 23:34:08',296,'2018-08-14 09:21:59'),(355,'10202319940824201804109','Intan Almira','Jakarta','1994-08-24','PEREMPUAN','','default@mail.com','',NULL,39,75,'NON PNS','data/foto_pegawai/102023199408242018041091.jpg','2018-04-10',1,1,2,245,'2016-02-11 23:35:31',367,'2019-08-13 09:59:58'),(356,'10202319950930201804111','dr. Isnadiah Fitria Maharani','Surabaya','1992-04-03','PEREMPUAN','081299141363','Nadhiamaharani@gmail.com','jln. emas no 45, rt 11/001, sumur batu, kemayoran, jakarta pusat',NULL,36,35,'NON PNS',NULL,'2018-04-01',1,1,2,245,'2016-02-11 23:36:46',367,'2019-02-06 14:20:37'),(357,'10202319870505201804112','Depi Pitriani','Jayapura','1987-05-05','PEREMPUAN','','default@mail.com','',NULL,NULL,73,'NON PNS','data/foto_pegawai/10202319870505201804112.png','2018-04-01',1,3,2,245,'2016-02-11 23:38:08',296,'2018-08-14 09:21:24'),(358,'10202319890104201804114','Lucky Yanuar Dwiyani','Brebes','1989-01-09','PEREMPUAN','0858887108501','default@mail.com','jl. Gotong Royong Rt 07 Rw. 08 Kel. kapuk Kec. Cengkareng Jakarta Barat',NULL,38,74,'NON PNS','data/foto_pegawai/102023198901042018041141.jpg','2018-04-01',1,4,2,245,'2016-02-11 23:40:06',365,'2018-08-23 12:09:24'),(359,'10202319930409201804115','Paskha Manatar Simangunsong','Laguboti','1993-04-09','LAKI-LAKI','-085210061184','Manatar09@gmail.com','-Pulomas',NULL,38,72,'NON PNS','data/foto_pegawai/10202319930409201804115.gif','2018-04-01',1,2,2,245,'2016-02-11 23:41:28',366,'2018-11-06 15:45:18'),(360,'10202319920920201804116','Taofik Anwar','Ciamisss','1992-09-20','LAKI-LAKI','0812-2342-1479','taofikanwar@gmail.com','Jalan Raya Condet Gg. H. Izi RT 5/5 No 46 Cililitan Kecamatan Kramat Jati',7,46,31,'NON PNS','','2018-04-01',1,1,2,245,'2016-02-11 23:43:07',367,'2019-11-28 11:31:31'),(361,'10202319900115201804117','Nurul Fajri','Jakarta','1990-01-15','LAKI-LAKI','08999153615','nuyunq@gmail.com','Jl. H. Kuming II No. 15 RT/RW 005/011\r\nKel. Cijantung - Kec. Pasar Rebo\r\nJakarta Timur - 13770',NULL,NULL,31,'NON PNS',NULL,'2018-04-01',1,1,2,245,'2016-02-11 23:43:58',296,'2018-08-14 09:04:53'),(365,'10202319930209201805113','dr. Dina Tria Febriyanti','Jakarta','1993-02-09','PEREMPUAN','081213065526','default@mail.com','Komp. Walikota Jl. Camar II Blok B3/25 R.T 010 R.W 006 Kel. Sukapura Kec. Cilincing Jakarta Utara 14140',NULL,36,83,'NON PNS','','2018-04-01',1,3,2,245,'2018-08-01 14:51:08',296,'2018-08-14 09:13:36'),(366,'10202319920530201805118','Yoga Sandika Nugraha','SUMEDANG','1992-05-30','LAKI-LAKI','085242233364','default@mail.com','',NULL,41,36,'NON PNS','','2018-05-01',1,1,2,296,'2018-08-14 07:53:09',373,'2018-08-16 10:41:05'),(367,'10202319931218201805119','Fazri Yudha Maulana','','1970-01-01','LAKI-LAKI','','default@mail.com','',NULL,41,57,'NON PNS','','2018-05-01',1,3,2,296,'2018-08-14 07:54:47',266,'2018-10-22 15:04:46'),(368,'10202319951206201805120','Ignatius Kristianto','-','1970-01-01','LAKI-LAKI','-','default@mail.com','-',NULL,41,36,'NON PNS','','2018-05-01',1,1,2,296,'2018-08-14 07:56:05',375,'2018-10-01 07:31:18'),(369,'10202319910901201805121','Vera Fetria Kartika','','1970-01-01','PEREMPUAN','','default@mail.com','',NULL,41,57,'NON PNS','','2018-05-01',0,3,2,296,'2018-08-14 07:57:40',266,'2018-10-22 15:03:37'),(370,'10202319950930201804110','Cyntia Bella Arista','Bekasi','1995-09-30','PEREMPUAN','-','default@mail.com','-',NULL,45,86,'NON PNS','','2018-04-01',0,2,2,296,'2018-08-14 08:02:22',377,'2018-08-14 14:46:11'),(371,'10202319940824201809018','Citra Indriani','jakarta','1994-08-24','PEREMPUAN','','default@mail.com','',7,50,31,'NON PNS','','2018-09-18',0,4,2,367,'2018-09-21 14:21:04',266,'2018-10-22 15:03:00'),(372,'10202319890819201809122','Puput Agustina','jakarta','1989-08-19','PEREMPUAN','0856-9194-2125','default@mail.com','jln.Pluit Dalam Rt017 Rw008 No.1',NULL,42,59,'NON PNS','','2018-09-15',1,2,2,367,'2018-09-21 14:23:09',266,'2019-07-05 07:58:49'),(373,'10202319890819201810123','dr.Irma Ade Puteri','Binjai','1989-10-23','PEREMPUAN','0822-7107-7129','default@mail.com','-',NULL,36,50,'NON PNS','','2018-10-01',1,2,2,266,'2018-10-17 08:59:26',266,'2019-07-05 07:59:12'),(374,'10202319920913201810124','dr.Karamina Maghfirah','Banda Aceh','1992-09-13','PEREMPUAN','','default@mail.com','',NULL,36,35,'NON PNS','','2018-10-01',1,1,2,266,'2018-10-17 09:00:54',266,'2019-07-05 07:59:33'),(375,'10202319931008201810125','Wayan Ayu Chandra Asih','Jakarta','1993-10-08','PEREMPUAN','0812-4589-3961','ayuchandraasih@gmail.com','Jalan Trubus II No. 88 RT.004 RW.004 Pondok Cabe Ilir, Pamulang, Tangerang Selatan 15418',NULL,44,81,'NON PNS','data/foto_pegawai/102023199310082018101601.jpg','2018-10-05',1,4,2,266,'2018-10-17 09:03:04',266,'2019-07-05 07:59:56'),(376,'10202319910514201811126','drg.Tiara Chaeranee Noh','Jombang','1991-05-14','PEREMPUAN','0813-3121-0050','tiara.noh@gmail.com','Jalan Bromo No 93 Ngoro Jombang 61473',NULL,37,45,'NON PNS','data/foto_pegawai/102023199105142018111611.jpg','2018-11-01',1,1,2,266,'2018-12-10 17:19:03',266,'2019-07-05 08:00:17'),(377,'10202319940917201812127','Latif Hanafi','cilacap','1994-09-17','LAKI-LAKI','','default@mail.com','',NULL,49,31,'NON PNS','','2018-12-01',0,1,2,266,'2019-01-03 13:21:28',266,'2019-07-05 08:00:50'),(378,'10202319891031201812128','Hans Renhard','Jakarta','1989-10-31','LAKI-LAKI','','hans.renhard182@gmail.com','',NULL,49,31,'NON PNS','','2018-12-01',1,1,2,266,'2019-01-03 13:30:38',367,'2019-10-04 18:31:37'),(379,'10202319960329201903131','Maharany Nur Cahya','Bekasi','1996-03-29','PEREMPUAN','0822-1107-3545','maharanynurcahya@gmail.com','Jl. Rambutan Kp. Jaha RT. 005/011 Kel. Jatimekar Kec. Jatiasih Kota Bekasi (17422)',7,43,47,'NON PNS','data/foto_pegawai/102023199603292019031661.jpg','2019-03-01',1,1,2,266,'2019-03-11 10:21:53',266,'2019-07-05 08:01:51'),(380,'10202319960828201903133','Tika Wahyu Utami','Grobogan','1996-08-28','PEREMPUAN','0821-3841-4150','wahyutika046@gmail.com','Dusun Welahan Rt.008/003 Kel.Telawah Kec.Karangayung grobogan jawa tengah',7,41,36,'NON PNS','data/foto_pegawai/102023199608282019031681.jpg','2019-03-01',1,1,2,266,'2019-03-11 10:28:26',266,'2019-07-05 08:02:32'),(381,'10202319890118201902130','dr.Rizky Isnanda Lutfi','Medan,18 Januari 1989','1989-01-18','LAKI-LAKI','','rhiz_mail@yahoo.com','',7,36,35,'NON PNS','','2019-02-15',1,1,2,266,'2019-03-11 10:35:07',266,'2019-07-05 08:01:32'),(382,'10202319930310201903134','Edi Suryadi Bumantoro','Merbau Selatan, 10 Maret 1993','1993-03-10','LAKI-LAKI','','default@mail.com','Jl.Pondok randu rt.002/002 Kel. Duri Kosambi Kec.Cengkareng Jakarta Barat DKI Jakarta',NULL,40,41,'NON PNS','','2019-03-01',1,1,2,266,'2019-03-11 10:47:07',266,'2019-07-05 08:02:49'),(383,'10202319931221201903132','Maya Setyo Rini','Klaten, 21 Desember 1993','1993-12-21','PEREMPUAN','','mayasetyo146@gmail.com','jl.cengkeh no.45 rt.008 rw.010 kel.pekayon kec.pasar rebo jakarta timur',NULL,41,36,'NON PNS','','2019-03-01',1,1,2,266,'2019-03-11 10:53:25',266,'2019-07-05 08:02:10'),(384,'10202319890410201902129','drg.Riko Parlindungan','Jakarta','1989-04-10','LAKI-LAKI','','default@mail.com','',NULL,37,45,'NON PNS','','2019-02-15',0,1,2,266,'2019-03-11 11:04:31',266,'2019-07-05 08:01:07'),(385,'196406071987031005','Matrais','jakarta','1964-06-07','LAKI-LAKI','','default@mail.com','',NULL,33,NULL,'PNS','','2019-03-01',1,1,2,266,'2019-03-15 10:49:00',266,'2019-06-10 08:41:30'),(386,'10202319940410201903135','Bagas prasodjo','','1994-04-10','LAKI-LAKI','','default@mail.com','',NULL,NULL,41,'NON PNS','','2019-03-15',1,1,2,266,'2019-03-30 07:27:14',266,'2019-07-05 08:03:07'),(387,'196804281994032007','drg.Maria Angela Bieke B','Surabaya','1989-04-28','PEREMPUAN','','default@mail.com','',8,NULL,NULL,'PNS','','1970-01-01',1,3,2,367,'2019-05-02 07:50:15',367,'2019-05-02 08:14:34'),(388,'10202319880507201907136','drg.Dhany Yudho Harsanto','Jakarta','1988-05-07','LAKI-LAKI','','dhaniyudoharsanto@gmail.com','',7,37,45,'NON PNS','','2019-07-01',1,1,2,266,'2019-07-05 08:06:32',NULL,NULL),(389,'10202319950617201907137','Ines Maharani A','Bekasi','1995-06-17','PEREMPUAN','','default@mail.com','',7,41,36,'NON PNS','','2019-07-01',1,1,2,266,'2019-07-05 08:12:20',NULL,NULL),(390,'10202319970614201907138','I Made Yoga Dwi Mahendra','Bekasi','1997-06-14','LAKI-LAKI','','default@mail.com','',10,39,75,'NON PNS','','2019-07-01',1,1,2,266,'2019-07-05 08:14:16',397,'2019-08-01 09:01:28'),(391,'10202319960630201908139','M Ridho Setiawan','Padang','1996-06-30','LAKI-LAKI','','default@mail.com','',7,42,61,'NON PNS','','2019-08-01',1,4,2,266,'2019-08-26 07:04:59',NULL,NULL),(392,'10202319921020201908140','AJENG KUSUMANINGTYAS','SLEMAN','1992-10-20','PEREMPUAN','0856-4364-1824','default@mail.com','JALAN BHAKTI CILINCING',7,41,66,'NON PNS','','1970-01-01',1,3,2,266,'2019-08-26 07:07:42',399,'2019-08-26 10:13:27'),(393,'10202319971015201908141','Ananda Pasha Sasmita','Pandeglang','1997-10-15','PEREMPUAN','','default@mail.com','',7,43,68,'NON PNS','','2019-08-01',1,2,2,266,'2019-08-26 07:19:03',NULL,NULL);
/*!40000 ALTER TABLE `m_pegawai` ENABLE KEYS */;
UNLOCK TABLES;

--
-- Table structure for table `m_rumpun`
--

DROP TABLE IF EXISTS `m_rumpun`;
/*!40101 SET @saved_cs_client     = @@character_set_client */;
/*!40101 SET character_set_client = utf8 */;
CREATE TABLE `m_rumpun` (
  `rumpun_id` int(11) NOT NULL AUTO_INCREMENT,
  `rumpun_nama` varchar(50) NOT NULL,
  `rumpun_nilai` varchar(10) NOT NULL,
  `id_ukpd` int(11) NOT NULL,
  PRIMARY KEY (`rumpun_id`)
) ENGINE=InnoDB AUTO_INCREMENT=26 DEFAULT CHARSET=latin1;
/*!40101 SET character_set_client = @saved_cs_client */;

--
-- Dumping data for table `m_rumpun`
--

LOCK TABLES `m_rumpun` WRITE;
/*!40000 ALTER TABLE `m_rumpun` DISABLE KEYS */;
INSERT INTO `m_rumpun` VALUES (15,'Pelayanan Tingkat Terampil','0.2',2),(16,'Pelayanan Tingkat Ahli','0.3',2),(17,'Operasional Tingkat Terampil','0.4',2),(18,'Operasional Tingkat Ahli','0.5',2),(19,'Administrasi Tingkat Terampil','0.6',2),(20,'Administrasi Tingkat Ahli','0.7',2),(21,'Teknis Tingkat Terampil','1',2),(22,'Teknis Tingkat Ahli','1.5',2),(23,'Radiologi/Analis/DIV/DIII Kes','0.8',2),(24,'Apoteker/Ners','1.5',2),(25,'Dokter Umum/Dokter Gigi','1.6',2);
/*!40000 ALTER TABLE `m_rumpun` ENABLE KEYS */;
UNLOCK TABLES;

--
-- Table structure for table `m_sarana`
--

DROP TABLE IF EXISTS `m_sarana`;
/*!40101 SET @saved_cs_client     = @@character_set_client */;
/*!40101 SET character_set_client = utf8 */;
CREATE TABLE `m_sarana` (
  `id_sarana` int(11) NOT NULL AUTO_INCREMENT,
  `kode_sarana` varchar(15) NOT NULL,
  `nama_sarana` varchar(150) NOT NULL,
  `jenis_sarana` varchar(25) NOT NULL,
  `status` enum('0','1') NOT NULL,
  PRIMARY KEY (`id_sarana`)
) ENGINE=InnoDB AUTO_INCREMENT=52 DEFAULT CHARSET=latin1;
/*!40101 SET character_set_client = @saved_cs_client */;

--
-- Dumping data for table `m_sarana`
--

LOCK TABLES `m_sarana` WRITE;
/*!40000 ALTER TABLE `m_sarana` DISABLE KEYS */;
INSERT INTO `m_sarana` VALUES (1,'SD00001','SUKU DINAS KESEHATAN JAKARTA UTARA','SUDIN','1'),(3,'P3175010101','KEC. PENJARINGAN   ','PUSKES','1'),(4,'P3175010202','KEL. KAMAL MUARA  ','PUSKES','1'),(5,'P3175010203','KEL. KAPUK MUARA  ','PUSKES','1'),(6,'P3175010204','KEL. PEJAGALAN   ','PUSKES','1'),(7,'P3175010205','KEL. PENJARINGAN I  ','PUSKES','1'),(8,'P3175010206','KEL. PENJARINGAN II  ','PUSKES','1'),(9,'P3175010207','KEL. PLUIT   ','PUSKES','1'),(10,'P3175020201','KEC. PADEMANGAN   ','PUSKES','1'),(11,'P3175020202','KEL. ANCOL   ','PUSKES','1'),(12,'P3175020203','KEL. PADEMANGAN BRT. I ','PUSKES','1'),(13,'P3175020204','KEL. PADEMANGAN BRT. II ','PUSKES','1'),(14,'P3175020205','KEL. PADEMANGAN TIMUR  ','PUSKES','1'),(15,'P3175030101','KEC. TANJUNG PRIOK  ','PUSKES','1'),(16,'P3175030202','KEL. SUNTER JAYA I ','PUSKES','1'),(17,'P3175030203','KEL. SUNTER JAYA II ','PUSKES','1'),(18,'P3175030204','KEL. PAPANGGO I  ','PUSKES','1'),(19,'P3175030205','KEL. SUNGAI BAMBU  ','PUSKES','1'),(20,'P3175030206','KEL. KEBON BAWANG I ','PUSKES','1'),(21,'P3175030207','KEL. KEBON BAWANG II ','PUSKES','1'),(22,'P3175030208','KEL. KEBON BAWANG III ','PUSKES','1'),(23,'P3175030209','KEL. TANJUNG PRIOK  ','PUSKES','1'),(24,'P3175030210','KEL. SUNTER AGUNG I ','PUSKES','1'),(25,'P3175030211','KEL. SUNTER AGUNG II ','PUSKES','1'),(26,'P3175030212','KEL. SUNTER AGUNG III ','PUSKES','1'),(27,'P3175030213','KEL. WARAKAS   ','PUSKES','1'),(28,'P3175030214','KEL. PAPANGGO II  ','PUSKES','1'),(29,'P3175040101','KEC. KOJA   ','PUSKES','1'),(30,'P3175040202','KEL. KOJA   ','PUSKES','1'),(31,'P3175040203','KEL. LAGOA   ','PUSKES','1'),(32,'P3175040204','KEL. TUGU   ','PUSKES','1'),(33,'P3175040205','KEL. TUGU UTARA I ','PUSKES','1'),(34,'P3175040206','KEL. TUGU SELATAN  ','PUSKES','1'),(35,'P3175040207','KEL. RAWA BADAK UTARA II','PUSKES','1'),(36,'P3175040208','KEL. RAWA BADAK UTARA I','PUSKES','1'),(37,'P3175050101','KEC. KELAPA GADING  ','PUSKES','1'),(38,'P3175050202','KEL. KELAPA GADING TMR I','PUSKES','1'),(39,'P3175050203','KEL. KELAPA GADING TMR II','PUSKES','1'),(40,'P3175050204','KEL. PEGANGSAAN DUA A ','PUSKES','1'),(41,'P3175050205','KEL. PEGANGSAAN DUA B ','PUSKES','1'),(42,'P3175060101','KEC. CILINCING   ','PUSKES','1'),(43,'P3175060202','KEL. KALIBARU   ','PUSKES','1'),(44,'P3175060203','KEL. CILINCING I  ','PUSKES','1'),(45,'P3175060204','KEL. CILINCING II  ','PUSKES','1'),(46,'P3175060205','KEL. SEMPER BARAT I ','PUSKES','1'),(47,'P3175060206','KEL. SEMPER BARAT II ','PUSKES','1'),(48,'P3175060207','KEL. SEMPER BARAT III ','PUSKES','1'),(49,'P3175060208','KEL. MARUNDA   ','PUSKES','1'),(50,'P3175060209','KEL. SUKAPURA   ','PUSKES','1'),(51,'P3175060210','KEL. ROROTAN   ','PUSKES','1');
/*!40000 ALTER TABLE `m_sarana` ENABLE KEYS */;
UNLOCK TABLES;

--
-- Table structure for table `m_skpd`
--

DROP TABLE IF EXISTS `m_skpd`;
/*!40101 SET @saved_cs_client     = @@character_set_client */;
/*!40101 SET character_set_client = utf8 */;
CREATE TABLE `m_skpd` (
  `skpd_id` int(11) NOT NULL AUTO_INCREMENT,
  `skpd_kode` varchar(50) NOT NULL,
  `skpd_nama` varchar(100) NOT NULL,
  PRIMARY KEY (`skpd_id`)
) ENGINE=InnoDB AUTO_INCREMENT=3 DEFAULT CHARSET=latin1;
/*!40101 SET character_set_client = @saved_cs_client */;

--
-- Dumping data for table `m_skpd`
--

LOCK TABLES `m_skpd` WRITE;
/*!40000 ALTER TABLE `m_skpd` DISABLE KEYS */;
INSERT INTO `m_skpd` VALUES (2,'10201000','Dinas Kesehatan Provinsi DKI Jakarta');
/*!40000 ALTER TABLE `m_skpd` ENABLE KEYS */;
UNLOCK TABLES;

--
-- Table structure for table `m_tempattugas`
--

DROP TABLE IF EXISTS `m_tempattugas`;
/*!40101 SET @saved_cs_client     = @@character_set_client */;
/*!40101 SET character_set_client = utf8 */;
CREATE TABLE `m_tempattugas` (
  `tempattugas_id` int(11) NOT NULL AUTO_INCREMENT,
  `tempattugas_nama` varchar(50) NOT NULL,
  `tempattugas_ket` varchar(15) NOT NULL,
  `id_ukpd` varchar(5) NOT NULL,
  PRIMARY KEY (`tempattugas_id`)
) ENGINE=InnoDB AUTO_INCREMENT=5 DEFAULT CHARSET=latin1;
/*!40101 SET character_set_client = @saved_cs_client */;

--
-- Dumping data for table `m_tempattugas`
--

LOCK TABLES `m_tempattugas` WRITE;
/*!40000 ALTER TABLE `m_tempattugas` DISABLE KEYS */;
INSERT INTO `m_tempattugas` VALUES (1,'Puskesmas Kecamatan Pademangan','PKC','2'),(2,'Puskesmas Kelurahan Ancol','Ancol','2'),(3,'Puskesmas Kelurahan Pademangan Barat I','PBI','2'),(4,'Puskesmas Kelurahan Pademangan Barat II','PBII','2');
/*!40000 ALTER TABLE `m_tempattugas` ENABLE KEYS */;
UNLOCK TABLES;

--
-- Table structure for table `m_ukpd`
--

DROP TABLE IF EXISTS `m_ukpd`;
/*!40101 SET @saved_cs_client     = @@character_set_client */;
/*!40101 SET character_set_client = utf8 */;
CREATE TABLE `m_ukpd` (
  `ukpd_id` int(11) NOT NULL AUTO_INCREMENT,
  `ukpd_kode` varchar(100) NOT NULL,
  `ukpd_nama` varchar(100) NOT NULL,
  `skpd_id` int(11) NOT NULL,
  PRIMARY KEY (`ukpd_id`)
) ENGINE=InnoDB AUTO_INCREMENT=3 DEFAULT CHARSET=latin1;
/*!40101 SET character_set_client = @saved_cs_client */;

--
-- Dumping data for table `m_ukpd`
--

LOCK TABLES `m_ukpd` WRITE;
/*!40000 ALTER TABLE `m_ukpd` DISABLE KEYS */;
INSERT INTO `m_ukpd` VALUES (2,'10201810','Puskesmas Kecamatan Pademangan',2);
/*!40000 ALTER TABLE `m_ukpd` ENABLE KEYS */;
UNLOCK TABLES;

--
-- Table structure for table `p_sysconf`
--

DROP TABLE IF EXISTS `p_sysconf`;
/*!40101 SET @saved_cs_client     = @@character_set_client */;
/*!40101 SET character_set_client = utf8 */;
CREATE TABLE `p_sysconf` (
  `sysconf_id` int(11) NOT NULL AUTO_INCREMENT,
  `sysconf_nama` varchar(100) NOT NULL,
  `sysconf_kelompok` varchar(50) NOT NULL,
  `sysconf_value` int(11) DEFAULT NULL,
  PRIMARY KEY (`sysconf_id`)
) ENGINE=InnoDB DEFAULT CHARSET=latin1;
/*!40101 SET character_set_client = @saved_cs_client */;

--
-- Dumping data for table `p_sysconf`
--

LOCK TABLES `p_sysconf` WRITE;
/*!40000 ALTER TABLE `p_sysconf` DISABLE KEYS */;
/*!40000 ALTER TABLE `p_sysconf` ENABLE KEYS */;
UNLOCK TABLES;
/*!40103 SET TIME_ZONE=@OLD_TIME_ZONE */;

/*!40101 SET SQL_MODE=@OLD_SQL_MODE */;
/*!40014 SET FOREIGN_KEY_CHECKS=@OLD_FOREIGN_KEY_CHECKS */;
/*!40014 SET UNIQUE_CHECKS=@OLD_UNIQUE_CHECKS */;
/*!40101 SET CHARACTER_SET_CLIENT=@OLD_CHARACTER_SET_CLIENT */;
/*!40101 SET CHARACTER_SET_RESULTS=@OLD_CHARACTER_SET_RESULTS */;
/*!40101 SET COLLATION_CONNECTION=@OLD_COLLATION_CONNECTION */;
/*!40111 SET SQL_NOTES=@OLD_SQL_NOTES */;

-- Dump completed on 2020-01-07 13:21:37
